freesound_id,id,path,start_sample,end_sample,loudness,mfcc_0,mfcc_1,mfcc_2,mfcc_3,mfcc_4,mfcc_5,mfcc_6,mfcc_7,mfcc_8,mfcc_9,mfcc_10,mfcc_11,mfcc_12,key,scale,key_strength
,None_f0,../data/Target.mp3,25088,50176,0.0013323591984048182,-786.9823,162.60529,-5.5660515,9.682838,1.7902756,-11.477837,-0.16471863,-7.6575356,7.438652,-3.6363106,-14.4771,-19.772602,-7.062456,B,major,0.8137980699539185
,None_f1,../data/Target.mp3,50176,74752,0.0014341062245269616,-785.0894,171.15547,-13.80125,19.831203,5.5795784,-17.901764,-1.0096054,-2.6625366,8.186188,-1.7316818,-4.6985683,-18.959557,-5.528143,B,minor,0.8324958682060242
,None_f2,../data/Target.mp3,74752,99840,0.0013180092281224777,-786.34106,165.76859,-10.443653,16.17109,4.332176,-19.45509,-5.57868,-2.3033028,17.917934,-0.8652954,-4.1268845,-6.60392,6.7366905,B,minor,0.8244595527648926
,None_f3,../data/Target.mp3,99840,124928,0.0015129603597582603,-781.79407,168.11,-3.3686905,23.135181,13.4826355,-7.8656693,-6.522726,-0.08704758,6.614422,-5.1705017,-18.642138,-12.595329,-1.7105484,B,minor,0.8388952612876892
,None_f4,../data/Target.mp3,124928,149504,0.0013676782449086506,-795.29065,166.38895,-4.968132,20.524147,2.6821213,-10.715496,-3.8983612,-2.4994698,-3.009056,-0.26776123,-13.407059,-5.228981,7.9607277,B,minor,0.836821973323822
,None_f5,../data/Target.mp3,149504,174080,0.0019071771142383416,-788.21655,166.08257,-4.8037453,13.684525,0.8014679,-10.71888,1.9905739,1.9415016,3.8930244,4.8514023,-13.021576,-11.796013,-6.9795055,B,minor,0.743658721446991
,None_f6,../data/Target.mp3,174080,199168,0.0019362492828953024,-789.78595,179.694,-6.2237206,16.850906,6.781437,-18.493198,0.14509964,-12.01936,-1.4081345,-1.5337715,-14.758957,-14.790306,-9.732098,B,minor,0.7769162654876709
,None_f7,../data/Target.mp3,199168,223744,0.0019775813755889735,-795.64984,175.44315,-12.328991,18.276463,3.5339165,-21.689674,-6.555624,-14.992474,-6.4901257,-4.304718,-16.581696,-14.34774,-3.9324265,B,minor,0.8308817744255066
,None_f8,../data/Target.mp3,223744,248832,0.001714891012834043,-784.53375,171.59175,-6.637226,11.921494,-0.79624176,-16.758968,-0.58426285,-3.3051834,2.416088,5.7488976,-19.712025,-16.49553,-5.172207,B,minor,0.7685998678207397
,None_f9,../data/Target.mp3,248832,273408,0.0016547868338723977,-785.2765,164.82442,-22.299213,10.387772,8.556618,-10.976612,1.8649178,0.58509445,4.0761566,3.3768826,-9.817493,-10.491726,-2.7197495,B,minor,0.7236896753311157
,None_f10,../data/Target.mp3,273408,297984,0.00114437456553181,-801.0635,158.77098,-20.07875,21.307297,14.007774,-3.194992,-3.7686691,2.200241,6.2290993,-3.8956757,-17.13494,-3.544117,3.0045815,B,minor,0.8391832113265991
,None_f11,../data/Target.mp3,297984,323072,0.001441200016712656,-811.511,173.79544,-15.053368,24.056843,17.670769,-7.096737,-9.79978,-2.8517532,-0.16967392,-8.759132,-28.17044,-9.936028,-1.385395,B,minor,0.838897705078125
,None_f12,../data/Target.mp3,323072,347648,0.0011623675624529521,-808.34875,170.88908,-1.6411438,22.334839,3.4183388,-4.475075,-7.9222965,4.5021133,-1.3939857,8.123922,-19.593763,-4.8676033,-2.8263283,B,minor,0.8564621210098267
,None_f13,../data/Target.mp3,347648,372736,0.0007512300294272754,-844.8246,180.98666,-24.3423,32.539043,5.752838,9.37146,-3.6362457,15.520126,1.0441093,10.542746,-13.895359,-8.675354,3.5382462,B,minor,0.772014319896698
,None_f14,../data/Target.mp3,372736,397312,0.0010193076450377703,-844.21844,196.6523,-23.245815,31.23351,7.017189,-7.2337837,-6.871456,0.9148941,-6.3948097,-0.92155075,-11.683256,-5.9512787,3.8457031,B,minor,0.8339319825172424
,None_f15,../data/Target.mp3,397312,421888,0.0008519655869652828,-828.8327,183.52463,-26.096138,22.422195,-0.9739647,-6.513218,-10.44496,3.5949707,-4.367943,4.1459045,-8.962799,-13.275372,10.209034,B,minor,0.7182363867759705
,None_f16,../data/Target.mp3,421888,446464,0.001650259830057621,-780.1492,165.66655,0.55474854,9.40576,-3.1899261,-11.567696,-0.047412872,-5.18058,8.103691,-0.2978325,-15.01408,-15.833336,-1.3500137,B,minor,0.8444211483001709
,None_f17,../data/Target.mp3,446464,471040,0.0017437982993821304,-779.1126,170.37161,-11.542625,19.330517,4.8815346,-15.578999,2.4804497,5.802046,4.9773903,-3.5036926,-12.958643,-18.433575,-5.340557,B,minor,0.8450984358787537
,None_f18,../data/Target.mp3,471040,495616,0.0015703307775159676,-789.07043,168.2709,-15.213272,15.393093,7.003483,-15.766697,-1.1293831,-3.9459076,13.406525,-10.164345,-10.933561,-9.94931,3.6304398,B,minor,0.8215572237968445
,None_f19,../data/Target.mp3,495616,520704,0.0014359630188163445,-796.3705,166.4977,-18.584812,17.204811,7.7940216,-19.916271,-5.762844,-7.0158463,9.07177,-8.545559,-15.0778885,-13.730972,-4.341856,B,minor,0.812427818775177
,None_f20,../data/Target.mp3,520704,545280,0.0013306325611968834,-792.86694,169.46036,-7.4130173,14.733471,2.7742577,-7.4319687,-2.7221794,-1.1679306,-0.38777924,0.3773384,-12.588058,-6.928768,0.91342545,B,minor,0.8441948294639587
,None_f21,../data/Target.mp3,545280,570368,0.0016457395894186838,-798.6372,170.68474,1.0606728,21.687603,7.1182976,-10.500671,2.5811157,-2.6315613,2.9305534,-0.90340805,-15.513044,-12.75753,-6.4207764,B,minor,0.7925248146057129
,None_f22,../data/Target.mp3,570368,595968,0.002097507566213608,-800.5438,174.30215,-4.8921165,17.574615,6.852623,-18.141685,-0.5049095,-8.110744,0.8941765,-6.9727745,-16.861519,-16.513844,-12.724411,B,minor,0.7641998529434204
,None_f23,../data/Target.mp3,595968,621568,0.0014552032947540282,-796.8728,164.94748,-3.78442,22.410324,8.622093,-9.516422,-6.7810936,-4.094742,-2.7105446,1.6357269,-17.445784,-13.779121,-1.9541664,B,minor,0.7714594006538391
,None_f24,../data/Target.mp3,621568,647168,0.001880093812942505,-791.1211,172.797,-1.1502838,15.326035,8.559414,-9.774979,-3.013424,-3.6739235,5.375637,10.292959,-16.595768,-14.9314995,-8.201141,B,minor,0.7778974771499634
,None_f25,../data/Target.mp3,647168,672256,0.0017896402551203358,-778.09357,172.10942,-13.7309,10.36095,5.48378,-15.119244,-7.3342724,-1.1649628,-1.217041,-0.6129303,-18.22696,-17.546097,-6.109087,B,minor,0.838205873966217
,None_f26,../data/Target.mp3,672256,697856,0.0014143811166286468,-795.85156,165.89839,-9.637596,29.12576,14.151848,-3.1673431,-9.203327,3.672161,1.7224808,-5.5133133,-20.3652,-10.972828,1.3682785,B,minor,0.8397162556648254
,None_f27,../data/Target.mp3,697856,723968,0.0017446657898379308,-809.0134,182.14642,-8.823818,23.963387,5.1564636,-5.2096634,-15.311167,0.059288025,2.4211388,2.7955399,-17.186693,-8.724373,2.3023453,B,minor,0.7915679216384888
,None_f28,../data/Target.mp3,723968,749568,0.0012885044515132905,-829.8364,194.04684,-12.584103,42.680126,7.1135025,11.065956,-5.929291,6.3493385,-3.9587288,3.3683205,-12.396864,-7.32164,-1.5128059,B,minor,0.8343941569328308
,None_f29,../data/Target.mp3,749568,774656,0.0014163176624142394,-837.77704,207.2108,-18.30201,30.090946,14.518402,-1.5625381,-10.913811,-4.8989487,-3.3419037,-3.8416786,-16.763733,-12.683414,3.766533,B,minor,0.8581985831260681
,None_f30,../data/Target.mp3,774656,799744,0.0013532863587749247,-834.46967,196.46202,-21.824894,22.79935,3.7565308,-8.997471,-18.053495,-2.0793724,-13.17561,-3.1583748,-21.941809,-16.2514,-1.1033669,B,minor,0.8452391028404236
,None_f31,../data/Target.mp3,799744,824832,0.0012790020935389461,-832.25,168.2172,-60.239685,31.980942,-22.605526,-26.623177,-27.65282,-16.76337,-14.382555,-0.22107697,-11.72299,3.427742,13.1489105,B,minor,0.8348968029022217
,None_f32,../data/Target.mp3,824832,849920,0.001390729935801759,-820.81836,100.84444,-83.63925,1.2064438,-21.588982,-28.65879,-45.5373,-12.0895195,-2.3686981,9.649353,11.64785,34.967667,35.777084,B,minor,0.806864857673645
,None_f33,../data/Target.mp3,849920,874496,0.001235775261496504,-882.8508,59.199944,-117.00714,1.700882,-26.189636,-29.92244,-35.53357,-4.5266953,15.607967,13.450495,6.5700264,34.99377,39.255707,D,minor,0.4855968654155731
,None_f34,../data/Target.mp3,874496,899072,0.0015911405595640342,-846.0302,111.1741,-94.69382,-5.86602,-44.935287,-55.281017,-54.880096,-40.85434,1.8331909,15.2205105,-3.8188782,7.7497787,31.774216,F#,minor,0.7454572319984436
,None_f35,../data/Target.mp3,899072,923648,0.0030346320321162543,-776.3107,198.3233,-56.224113,31.951546,-20.146759,-28.33134,-36.67131,-16.823685,-15.060301,-15.041306,-23.739935,-11.831829,-0.41057205,G,major,0.7685922980308533
,None_f36,../data/Target.mp3,923648,948224,0.002585519881298145,-766.8659,197.225,-30.436134,47.924084,9.98233,-2.4049911,-13.281458,-2.1906395,-2.8099213,-7.3517914,-12.853706,-3.8576927,5.9807243,F#,minor,0.7692775726318359
,None_f37,../data/Target.mp3,948224,972800,0.002857521797219912,-806.03064,202.54486,-32.49701,32.880188,-8.754448,-12.291821,-20.40163,-10.444572,-13.913113,5.1168213,-4.238285,-3.1741982,9.417828,F#,minor,0.7097755074501038
,None_f38,../data/Target.mp3,972800,997376,0.0029061768824855485,-768.3983,191.42453,-37.90227,48.13225,13.195549,-3.4645424,-8.449001,-17.450748,-11.156902,3.754982,-23.767609,-4.472336,-3.8129463,F#,minor,0.6657856702804565
,None_f39,../data/Target.mp3,997376,1021952,0.0044580452765027685,-779.1749,218.87761,-20.480915,55.61614,14.26408,3.197998,-7.177868,-4.267742,-6.048958,2.4628754,-18.863018,-10.514038,-8.424955,E,minor,0.8311347961425781
,None_f40,../data/Target.mp3,1021952,1046528,0.0036412396778663,-780.20105,218.09361,-35.458782,48.914646,-6.9494553,-9.503021,-18.057972,-14.142651,-12.963482,-3.7877045,-24.364134,-14.543312,-0.8862877,E,minor,0.8622956871986389
,None_f41,../data/Target.mp3,1046528,1071104,0.0032874376823504767,-789.802,216.77344,-10.727592,56.24134,7.4647675,2.3017616,-5.217201,-8.918072,-6.0277786,9.676786,-15.776785,-8.057724,1.8097687,F#,minor,0.8164123296737671
,None_f42,../data/Target.mp3,1071104,1095680,0.004107368799547355,-760.47815,220.51163,-22.319485,54.568314,9.035816,0.45477295,-4.243294,0.70505524,-4.4441147,7.697712,-13.293282,-1.4022598,4.9591293,F#,minor,0.8626251220703125
,None_f43,../data/Target.mp3,1095680,1120256,0.0029604590187470117,-766.814,208.59521,-35.57706,36.493874,-6.2627068,-9.773315,-26.28077,-15.813641,-17.318048,-2.060234,-18.530962,-3.061451,4.9979477,G,major,0.7003547549247742
,None_f44,../data/Target.mp3,1120256,1144832,0.002564125539114078,-791.26904,207.43945,-33.515694,40.560192,1.7182732,0.43422318,-7.7473183,1.1972504,-0.6374588,-2.3901367,-11.344315,1.222786,21.799519,F#,minor,0.7888016700744629
,None_f45,../data/Target.mp3,1144832,1169408,0.003228849731385708,-829.7343,197.58823,-36.76907,21.935196,-7.294506,-9.451973,-17.872066,-7.121994,-7.7472496,13.122147,-2.5248756,6.364834,22.09251,F#,minor,0.7393436431884766
,None_f46,../data/Target.mp3,1169408,1193984,0.0023318249732255936,-774.13574,196.38637,-34.251095,49.631912,-1.9498177,-9.387035,-20.739143,-5.227997,-5.115902,10.428083,-3.7927895,7.113594,8.667568,F#,minor,0.8367756009101868
,None_f47,../data/Target.mp3,1193984,1219072,0.004311917691814656,-768.1698,212.57385,-23.52324,53.28379,8.732967,0.0525589,-11.153698,-3.6753464,8.498207,14.670582,-19.748775,0.9278679,9.322849,E,minor,0.8428781032562256
,None_f48,../data/Target.mp3,1219072,1244160,0.0030534203563417706,-797.2535,201.86407,-37.72174,36.907772,-0.818779,-5.1714973,-19.794308,-15.463432,-25.879766,-5.981205,-23.905928,-5.434273,-6.851143,E,minor,0.7368841767311096
,None_f49,../data/Target.mp3,1244160,1269248,0.0023654694763981564,-761.11304,187.82428,-35.66376,57.9436,7.3152122,-1.8470345,-11.600773,-0.11073685,4.73909,8.238035,-15.064308,11.937881,18.235931,F#,minor,0.8167715072631836
,None_f50,../data/Target.mp3,1269248,1294336,0.004319527319499424,-768.1886,217.89647,-14.840782,55.13104,12.2987175,-3.036087,-12.494432,-6.0097313,4.204235,24.224646,-15.076025,-2.3529816,16.075268,F#,minor,0.8282052278518677
,None_f51,../data/Target.mp3,1294336,1318912,0.003183302159110705,-777.3954,210.86365,-41.148663,36.323723,-8.996979,-29.686974,-30.777729,-12.490181,-20.633287,-6.125267,-15.568777,-5.441166,4.0824776,G,major,0.7988818883895874
,None_f52,../data/Target.mp3,1318912,1343488,0.0029441009586056075,-779.1294,194.2537,-27.86158,41.056686,7.288208,5.4928513,-13.172466,6.0136642,1.136219,3.0271683,-9.303766,-1.7433624,11.481197,F#,minor,0.7948877215385437
,None_f53,../data/Target.mp3,1343488,1368064,0.0030624776457746825,-811.4573,207.14775,-31.820148,28.982834,-11.409412,-16.488506,-22.870304,-9.003342,-11.325737,6.479973,-8.789404,3.4835625,18.944622,F#,minor,0.758699357509613
,None_f54,../data/Target.mp3,1368064,1392640,0.0028511270259817443,-772.7532,199.25092,-31.61882,53.7644,7.134983,-3.0711937,-8.547958,-6.8011436,-10.286264,5.934574,-20.465778,-6.8835716,5.877987,F#,minor,0.6608932018280029
,None_f55,../data/Target.mp3,1392640,1417216,0.005465225627024968,-789.7166,221.85722,-18.34731,52.08129,14.231873,8.278637,-3.2584076,-8.835815,-5.963768,3.7058182,-22.959833,-12.105995,-6.2024117,E,minor,0.8033073544502258
,None_f56,../data/Target.mp3,1417216,1441792,0.0038678602625926337,-791.90686,216.07596,-33.28157,49.059082,0.4641075,-6.1786194,-20.497406,-12.908379,-18.861086,-6.304409,-23.396852,-10.102081,-5.009327,E,minor,0.8963297605514526
,None_f57,../data/Target.mp3,1441792,1466880,0.00407819571543713,-792.32666,223.0714,-15.463211,60.289562,12.614258,7.2143135,-7.8974075,-7.143959,-5.9799385,7.8987923,-13.278049,-7.9667473,0.9258766,F#,minor,0.8178691267967224
,None_f58,../data/Target.mp3,1466880,1491968,0.004288848869654597,-777.57916,221.63817,-10.092075,58.135036,5.1857834,7.4313774,-13.439079,-8.242676,1.7610359,1.5482178,-13.384859,2.4403954,4.7927246,F#,minor,0.8737414479255676
,None_f59,../data/Target.mp3,1491968,1516544,0.0018194032212098439,-776.1376,183.2498,-17.569336,27.6381,-2.6479454,-3.3808556,-16.715696,-5.930893,-0.12229538,1.5616264,-12.882849,-6.7541313,6.5695305,B,minor,0.8473132252693176
,None_f60,../data/Target.mp3,1516544,1541120,0.0014783876637617748,-792.9904,183.53226,-25.603909,36.823116,2.6520882,2.7164078,-9.249001,4.0265274,-1.1163254,-2.2594604,-9.531237,-9.384598,6.6331406,B,minor,0.8428792953491211
,None_f61,../data/Target.mp3,1541120,1565696,0.0024235003317395845,-801.2312,199.41457,-16.091747,40.984028,4.520653,0.5389633,-15.723131,3.170864,-2.3484077,-7.596813,-15.533014,-9.281605,1.1325111,B,minor,0.8250927329063416
,None_f62,../data/Target.mp3,1565696,1590272,0.0019422324063877265,-811.966,203.90659,-23.90868,36.92311,3.8839722,1.7808838,-21.577225,-3.0952911,-0.4394188,-4.202137,-15.123194,-10.613949,7.1514244,B,minor,0.821958065032959
,None_f63,../data/Target.mp3,1590272,1614848,0.0015865848399698734,-824.77997,194.7846,-17.229485,27.531933,4.573551,0.9911537,-12.326044,1.9806061,-4.909935,-6.609329,-23.518988,-16.016716,7.435978,B,minor,0.835997998714447
,None_f64,../data/Target.mp3,1614848,1639424,0.0012495402867595355,-837.98444,193.10551,-17.078259,28.901012,1.8970413,0.20802689,-10.692268,5.093872,-3.7468414,-2.9854584,-20.492205,-16.209194,-3.2444572,B,minor,0.8419297337532043
,None_f65,../data/Target.mp3,1639424,1664512,0.0019000113314511825,-786.2658,183.08113,-45.576347,29.002079,-14.424404,-16.970745,-25.340254,-17.513607,-11.189892,1.36203,-9.710751,-0.14897537,10.698513,B,minor,0.8591018319129944
,None_f66,../data/Target.mp3,1664512,1689600,0.0017845682343658135,-751.5638,152.61707,-31.72865,9.455879,-18.897331,-8.442535,-14.444206,-0.73215866,7.0772896,1.5055351,-31.133121,-19.281437,9.622768,B,minor,0.8656578660011292
,None_f67,../data/Target.mp3,1689600,1714176,0.0015715163511534531,-781.6041,147.92244,-0.2521248,30.162418,0.07670212,7.8351536,-14.977716,4.0636654,-8.798489,-26.01204,-29.247656,-0.52856827,25.27755,D,major,0.6967384219169617
,None_f68,../data/Target.mp3,1714176,1738752,0.001925258431583643,-772.3467,136.57536,-7.809654,49.609016,7.3444557,3.0782547,-10.539505,8.91106,-13.022072,-22.535038,-43.338673,-10.288624,36.46452,D,major,0.7094626426696777
,None_f69,../data/Target.mp3,1738752,1763328,0.00148285956432422,-798.1424,154.53214,-21.163597,44.50275,1.7441368,6.2293777,-15.230474,-3.4305305,2.4060745,2.0996246,-29.700539,-8.859112,-0.1383667,F#,minor,0.6197633147239685
,None_f70,../data/Target.mp3,1763328,1787904,0.0020390438536802926,-757.9683,155.77768,-28.75275,47.35322,-12.140724,2.0775032,-9.589014,-2.3106308,-0.17277145,-8.486034,-31.29041,-11.748493,29.593292,F#,minor,0.8028295040130615
,None_f71,../data/Target.mp3,1787904,1812480,0.0017436287986735504,-782.5268,151.72394,-9.112362,53.983227,-4.07687,10.895882,7.517788,3.5388756,-2.1385117,-3.7401314,-29.234482,-21.291119,15.340328,F#,minor,0.8072112798690796
,None_f72,../data/Target.mp3,1812480,1837056,0.0014062272384762764,-847.35693,195.52019,-10.489101,58.331795,10.317749,20.443275,-2.6574821,-2.0421715,-3.515461,13.7437,-16.422104,-12.886387,10.478535,F#,minor,0.7912354469299316
,None_f73,../data/Target.mp3,1837056,1862144,0.0016062065046660754,-828.6979,213.73097,-23.970974,43.234783,6.3772507,-1.8182907,-10.899269,1.5699348,4.947014,9.733976,-14.71504,9.836662,15.971138,F#,minor,0.8227272033691406
,None_f74,../data/Target.mp3,1862144,1887232,0.001897516603372535,-764.55963,144.12831,-20.426807,46.463898,-3.066574,10.659132,14.23761,8.619804,17.043476,7.3197384,-35.383007,-24.70538,22.541817,F#,minor,0.7981730699539185
,None_f75,../data/Target.mp3,1887232,1911808,0.0015088400493065517,-790.0054,136.6557,-9.465862,28.481918,-4.681118,0.17157364,-17.882332,1.0426025,-11.374073,-28.873417,-41.83212,-9.051338,22.90303,B,minor,0.7909443974494934
,None_f76,../data/Target.mp3,1911808,1936384,0.001340482539186875,-779.3078,126.85869,-22.01773,44.31795,-6.013191,-5.6384735,-16.290104,12.672516,-10.607393,-19.619766,-49.312096,-12.011253,31.419407,B,minor,0.8266393542289734
,None_f77,../data/Target.mp3,1936384,1960960,0.002157596250375112,-790.5328,164.57597,-24.318531,41.29033,-11.042423,-13.602776,-33.994797,-12.019318,-13.154989,-4.196766,-23.825409,-18.950829,-6.1086464,B,minor,0.8097015023231506
,None_f78,../data/Target.mp3,1960960,1985536,0.00199234609802564,-751.4077,122.609055,-29.85342,40.04318,-21.8755,-7.150234,-2.5181465,0.40859604,-18.891245,-13.107086,-57.42212,-34.407017,22.750813,B,minor,0.806688129901886
,None_f79,../data/Target.mp3,1985536,2010112,0.0016325415732959907,-754.7219,133.10432,-37.467133,39.463017,-2.1974335,-9.1420555,6.223934,5.8808193,-9.126461,-28.431892,-49.970814,-1.823082,22.822227,G,major,0.8621747493743896
,None_f80,../data/Target.mp3,2010112,2034688,0.000985002067560951,-875.98114,190.96304,-6.4311867,52.370644,-0.30211258,7.8570213,-14.0038185,1.8834496,-11.184271,-18.823376,-29.09985,-13.805126,12.2944145,G,major,0.8568084836006165
,None_f81,../data/Target.mp3,2034688,2059776,0.001290509287191897,-821.93414,183.71645,-45.222794,34.17739,-13.794304,-8.558186,-22.19223,-7.4237175,-13.785048,2.5064774,-5.7630005,3.073227,13.785103,G,major,0.8648101687431335
,None_f82,../data/Target.mp3,2059776,2084864,0.0017149445353722085,-753.3749,118.37354,-46.98123,42.154823,-2.6476517,-4.1590424,15.705307,2.2136383,-28.787897,-30.039642,-23.354832,8.8036995,4.7011375,G,major,0.8575976490974426
,None_f83,../data/Target.mp3,2084864,2109952,0.002277357997942944,-825.9271,165.28998,2.9627419,58.289204,3.2234802,16.951557,10.545464,-12.66515,-31.246206,5.7365723,13.120312,-9.888561,-35.6279,E,minor,0.8274837732315063
,None_f84,../data/Target.mp3,2109952,2135040,0.002182936637985463,-780.8728,131.8516,-22.417484,63.000103,-4.081436,13.581421,9.925911,-16.17041,-35.3462,-11.711395,9.8208885,15.692657,-44.54535,E,minor,0.8473573923110962
,None_f85,../data/Target.mp3,2135040,2159616,0.002117781899869442,-798.61487,148.31474,-4.9314423,42.703396,-4.8090057,13.388256,10.554775,3.1119804,1.1949768,-3.2233887,-49.070892,-21.783192,-2.6608543,E,minor,0.8185949921607971
,None_f86,../data/Target.mp3,2159616,2184192,0.002324453555047512,-770.95825,153.5315,-15.148979,29.211342,0.75899506,13.240107,5.1136703,0.6575432,4.7393074,18.407803,-37.53244,-34.91337,2.8253593,E,minor,0.8525728583335876
,None_f87,../data/Target.mp3,2184192,2208768,0.001879088891049226,-765.541,143.49753,-42.994007,31.969734,-13.382385,-7.0521545,-7.4145203,1.1968079,-21.847689,-22.099087,-42.37604,-21.266739,33.86897,B,minor,0.8468365669250488
,None_f88,../data/Target.mp3,2208768,2233344,0.0011917381392170985,-807.9312,174.4845,-39.395164,26.867981,-10.145504,-15.700054,-28.959715,-19.23381,-7.318363,1.6753273,-22.190369,-4.185318,9.362778,B,minor,0.8289206027984619
,None_f89,../data/Target.mp3,2233344,2257920,0.0014218899110953014,-796.4888,173.37755,-55.254604,19.593552,-23.68774,-17.386528,-34.91411,-18.918816,-7.46978,-6.655163,-20.552677,-13.445148,5.868622,B,minor,0.828914999961853
,None_f90,../data/Target.mp3,2257920,2283008,0.0015979758938964531,-819.9484,186.86813,-29.8829,24.926216,-24.608475,-21.471924,-35.712433,-13.986153,-17.476223,-1.785759,-20.186876,-8.951923,14.58548,B,minor,0.8558347821235657
,None_f91,../data/Target.mp3,2283008,2307584,0.0019598876436551413,-797.9829,180.94109,-40.592648,29.824913,-9.757622,-14.866158,-31.858973,-27.068977,-20.817213,-1.0501366,-17.469412,-0.40853882,19.501282,C#,major,0.6282850503921509
,None_f92,../data/Target.mp3,2307584,2332160,0.001960695876429478,-828.57526,190.93042,-9.366684,38.53797,-5.0714073,-13.907627,-24.855469,-20.693298,-36.937996,0.8208275,-20.905165,1.9523506,8.103901,C#,major,0.6654236912727356
,None_f93,../data/Target.mp3,2332160,2357248,0.002190822849468309,-804.091,192.40729,-35.847507,35.127728,-0.625679,-10.056641,-27.326729,-19.655163,-19.804466,2.8475418,-10.539022,-3.4039612,15.817459,C#,major,0.7714980840682983
,None_f94,../data/Target.mp3,2357248,2381824,0.0019642895398040614,-811.70917,187.14711,-31.824745,34.213455,-10.2705345,-10.97752,-29.257881,-16.646107,-36.559822,1.0108604,-11.876993,-6.376507,13.079697,C#,major,0.8048948645591736
,None_f95,../data/Target.mp3,2381824,2406400,0.0027407134572664895,-781.347,195.15752,-16.010555,55.13225,3.3109283,2.3204155,-3.8124046,-11.72662,0.7383423,20.496801,-14.795538,4.47929,19.409302,F#,minor,0.8190262317657471
,None_f96,../data/Target.mp3,2406400,2430976,0.001949664515753587,-811.2526,192.72522,-29.003578,58.10211,9.035229,8.093197,-5.4036407,-10.233509,4.5652847,28.132488,-9.707895,4.010792,24.583038,F#,minor,0.8009680509567261
,None_f97,../data/Target.mp3,2430976,2456064,0.0023868416949194304,-781.62866,192.94267,-28.217354,56.545563,17.432259,3.9199295,-15.044966,-10.827934,0.029411316,15.36392,-5.139736,3.034752,21.060654,F#,minor,0.8165969848632812
,None_f98,../data/Target.mp3,2456064,2481152,0.0025781770141757266,-806.03674,193.69835,-26.13425,65.958176,28.054657,-3.9309044,-16.453522,-6.578621,2.591549,19.462637,-7.4983463,-0.692585,21.903439,F#,minor,0.80353844165802
,None_f99,../data/Target.mp3,2481152,2505728,0.0023840294840435186,-822.10767,205.5981,-23.841633,44.82072,4.87685,11.746876,-11.768501,-3.457531,2.2242546,18.907564,-9.775681,2.6160202,26.511803,F#,minor,0.8122501969337463
,None_f100,../data/Target.mp3,2505728,2530304,0.001572442085792621,-884.1354,228.24442,-4.9320755,44.40484,12.393887,5.719879,1.7061157,-4.107712,-1.7327003,11.714485,-13.000515,-14.45895,10.974281,F#,minor,0.8093486428260803
,None_f101,../data/Target.mp3,2530304,2554880,0.0008372325294961532,-849.3929,163.14568,-53.17769,22.975906,-11.531853,-20.843967,-30.556469,-19.190422,-10.5780525,6.236061,2.3087578,11.48263,20.26268,F#,minor,0.8099236488342285
,None_f102,../data/Target.mp3,2554880,2579456,0.0010361069192488988,-803.42224,68.01753,-100.821976,-8.882061,-30.51083,-15.192535,-0.16689682,9.946684,15.088768,32.210102,-3.9877205,-1.5055466,7.809681,G,major,0.3757614195346832
,None_f103,../data/Target.mp3,2579456,2604032,0.002357799094170332,-741.97736,149.70038,-12.763805,29.264553,-11.702702,-1.7782402,-5.5580254,-1.6724014,5.0744476,2.8903446,-32.07166,-31.141846,1.4712486,B,minor,0.8446807861328125
,None_f104,../data/Target.mp3,2604032,2628608,0.0019317128074665864,-749.6127,154.83725,-12.782677,29.098118,5.586563,4.413805,-9.084745,5.932535,6.773094,7.9136314,-30.410576,-26.3172,17.483265,B,minor,0.8384020328521729
,None_f105,../data/Target.mp3,2628608,2653696,0.001964680394347833,-781.8025,178.18118,-5.5741196,36.267254,6.7644997,0.7332001,-3.9241219,-1.1859741,2.5022736,1.4002724,-12.313976,-8.456947,8.199379,B,minor,0.8451387882232666
,None_f106,../data/Target.mp3,2653696,2678784,0.0021259699548993793,-793.8242,188.18268,-7.3294716,30.27679,12.696156,-5.0132065,-14.054958,1.0550346,-2.5879555,-5.484833,-19.223684,-9.677387,3.242775,B,minor,0.8413134813308716
,None_f107,../data/Target.mp3,2678784,2703360,0.0014926125295460224,-801.98535,178.36354,-9.218243,21.608406,7.486805,-9.876167,-16.226576,-1.072052,-7.7817364,-1.2084045,-16.68462,-7.5522346,2.3226433,B,minor,0.8363977670669556
,None_f108,../data/Target.mp3,2703360,2727936,0.0024917395785450935,-800.5173,187.18704,5.0264053,20.479183,2.6871605,-2.5862312,-9.593023,0.49922943,-5.952053,4.1410217,-19.204662,-10.912365,-5.84029,B,minor,0.8446367383003235
,None_f109,../data/Target.mp3,2727936,2752512,0.0024912703471879163,-761.3548,174.68327,-26.126213,28.68832,7.074501,-9.666634,-21.038126,-5.4887047,0.784626,9.657566,-1.0985184,1.6744995,2.6008148,B,minor,0.8348226547241211
,None_f110,../data/Target.mp3,2752512,2777600,0.0031825732819888057,-731.56696,151.32301,-33.30377,36.807102,8.243259,1.8964195,-16.828842,-3.2896996,-10.347551,-17.26566,-5.174761,1.6908493,-2.6134777,B,minor,0.8114267587661743
,None_f111,../data/Target.mp3,2777600,2802688,0.0018740471224395596,-757.27515,142.91008,-24.114914,16.866596,-5.7316666,7.844061,-2.8408318,-14.475021,-8.636072,-2.2186089,-6.8050556,-11.637222,-17.914423,B,minor,0.8451955318450928
,None_f112,../data/Target.mp3,2802688,2827264,0.0019234869008262951,-759.55096,149.18126,-21.709003,30.381172,-2.3240547,12.409027,3.2222328,-15.453346,-5.958679,-6.253952,-11.3932,-8.59169,-7.584158,B,minor,0.8434940576553345
,None_f113,../data/Target.mp3,2827264,2851840,0.0015587563005586464,-804.34186,167.87616,-12.870243,25.848244,5.7110863,-1.7849655,-12.027662,-2.475006,-9.984472,-6.2160187,-19.635084,-11.363548,-2.7774277,B,minor,0.8347082138061523
,None_f114,../data/Target.mp3,2851840,2876416,0.0014342446811497211,-809.76843,177.66309,-18.072887,27.516102,11.5832405,4.035282,-15.896759,2.878788,2.1511154,-3.8867111,-19.706038,-14.763046,4.202114,B,minor,0.8437793254852295
,None_f115,../data/Target.mp3,2876416,2900992,0.0018070442602038383,-826.73883,188.20316,-7.2930336,22.548786,4.658024,-6.4260902,-18.831884,-0.005378723,-12.096968,-1.9407005,-24.042152,-13.992012,0.23667908,B,minor,0.8444836735725403
,None_f116,../data/Target.mp3,2900992,2925568,0.001556613016873598,-854.7609,190.5834,-16.78125,33.55088,5.139366,5.2977676,-10.937584,9.171715,-10.970821,-3.1650162,-17.419266,-14.681835,3.6328392,B,minor,0.8171981573104858
,None_f117,../data/Target.mp3,2925568,2950144,0.002099001780152321,-783.4826,189.79997,-30.775688,35.44795,4.0151596,-3.4482765,-22.65379,-0.33436966,-0.16181946,9.528931,-2.8176384,5.812603,9.577629,B,minor,0.8064587116241455
,None_f118,../data/Target.mp3,2950144,2974720,0.0020387863429884114,-734.48,154.1544,-37.167503,30.577507,3.0481224,3.5142937,-6.3230762,-1.4943352,-17.324402,-6.3358307,-3.7290916,11.368649,11.069847,B,minor,0.8250800967216492
,None_f119,../data/Target.mp3,2974720,2999296,0.0008645378984510899,-844.2702,131.03183,-41.577396,24.59055,-15.876934,9.073448,-28.731583,-29.424053,-18.13277,15.805004,20.206432,23.9657,1.8190575,B,minor,0.8360445499420166
,None_f120,../data/Target.mp3,2999296,3024384,0.0011307860971713553,-795.0102,88.01546,-68.41046,-19.025124,-38.457,-13.26302,5.1166763,9.598396,24.391384,32.14603,-23.93446,-6.8716164,17.892654,B,minor,0.8055126070976257
,None_f121,../data/Target.mp3,3024384,3049472,0.0006208452871259378,-921.7706,49.255543,-80.23694,9.5296135,-25.918217,-5.9695663,4.4404488,34.504845,16.492378,-6.951702,-23.576553,9.12624,55.30231,B,minor,0.8216068148612976
,None_f122,../data/Target.mp3,3049472,3074048,0.0009826025149474542,-921.7715,111.751015,-109.815094,-13.281651,-34.665318,-28.534203,-39.089302,-29.41462,-27.76968,-9.87442,-21.50681,2.9311676,23.611507,F#,minor,0.8135466575622559
,None_f123,../data/Target.mp3,3074048,3098624,0.003672380310793718,-793.19257,218.07066,-26.673256,41.172752,-3.6718102,-12.730457,-28.031399,-18.131588,-19.75827,-4.334999,-19.482374,-7.876709,-3.3697205,G,major,0.8133159875869751
,None_f124,../data/Target.mp3,3098624,3123712,0.0030563233458265966,-784.53,199.10468,-19.1073,49.4647,6.069149,4.1316986,-2.770073,3.0510216,-8.558935,0.42350388,-16.972713,-4.8202705,10.007206,F#,minor,0.8073305487632751
,None_f125,../data/Target.mp3,3123712,3148288,0.0032085959489146867,-813.27124,201.22623,-33.649353,31.107601,-6.33786,-13.798054,-19.85643,-6.9137764,-14.564156,7.588497,-1.2022743,8.259939,15.21043,F#,minor,0.7261536121368408
,None_f126,../data/Target.mp3,3148288,3172864,0.002674389940996965,-779.5398,203.06183,-31.087063,44.458874,2.6321945,2.9712372,-13.194809,-7.430607,-10.582949,9.832977,-23.591732,-8.800495,11.311882,F#,minor,0.687966525554657
,None_f127,../data/Target.mp3,3172864,3197952,0.00587791447736779,-802.9794,228.07191,-10.463795,61.96617,15.425671,7.7153015,-1.7433968,-7.9410515,-11.545538,5.7518463,-17.78506,-13.915138,-3.8573189,E,minor,0.8207413554191589
,None_f128,../data/Target.mp3,3197952,3222528,0.004001262287298839,-795.9956,223.31058,-20.603745,54.4386,-0.25650024,-0.6604881,-10.79776,-7.5426216,-19.10665,-3.831318,-13.429125,-8.084171,-3.9349136,E,minor,0.9358466267585754
,None_f129,../data/Target.mp3,3222528,3247104,0.004179893992841244,-789.0049,221.88475,-13.555271,64.07558,10.869041,8.33823,-3.5534668,-5.476574,-0.083992004,7.801773,-17.168026,-7.995552,-1.4972878,F#,minor,0.8218062520027161
,None_f130,../data/Target.mp3,3247104,3271680,0.004802239748338859,-768.9901,220.35907,-11.606506,52.004025,8.565773,11.657597,1.9192238,-0.91703415,-12.548759,5.6985283,-19.616455,-1.7276382,2.8822746,F#,minor,0.8297720551490784
,None_f131,../data/Target.mp3,3271680,3296768,0.003261629720123447,-780.6555,215.64328,-25.213352,46.613712,0.254673,-4.204403,-18.069382,-12.106014,-19.558903,0.8252907,-22.464176,-4.5185013,7.403927,G,major,0.8518804311752319
,None_f132,../data/Target.mp3,3296768,3321856,0.002658294171703105,-790.2935,197.56665,-18.563587,44.431644,7.257168,1.0475807,-8.4536705,1.2432938,-8.720329,-0.5456772,-21.440563,-1.3953819,17.884281,F#,minor,0.8146454691886902
,None_f133,../data/Target.mp3,3321856,3346432,0.0035060501346985498,-849.82404,215.93011,-24.629326,32.155766,-3.3165016,-10.015121,-27.471603,-3.9451904,-3.4737854,17.366337,-1.5178757,8.532299,29.536472,F#,minor,0.7541428804397583
,None_f134,../data/Target.mp3,3346432,3371008,0.002727028913795948,-778.7656,208.49136,-24.626396,48.538273,2.2054214,-1.9557343,-13.843937,-2.1731262,-6.5757217,18.694017,-2.8241692,7.612034,15.49194,F#,minor,0.7936482429504395
,None_f135,../data/Target.mp3,3371008,3395584,0.005780678863326709,-786.6418,228.97136,-15.060974,59.275116,12.279156,-2.5489998,-8.921658,-0.73451614,0.91815186,13.118479,-12.877737,-6.791733,13.669453,E,minor,0.7921783924102783
,None_f136,../data/Target.mp3,3395584,3420672,0.003664305623696775,-806.8095,207.88582,-33.30673,42.027412,-3.2391434,-1.0632477,-18.38063,-3.604309,-17.386412,-4.5882263,-19.238468,-8.714031,-7.563614,E,minor,0.8280585408210754
,None_f137,../data/Target.mp3,3420672,3445248,0.0027918253714839616,-767.0902,192.04169,-22.577488,59.41293,14.70483,-1.5327301,-13.93964,2.8845634,-3.7380028,10.421774,-13.282717,7.630123,12.072609,F#,minor,0.8447290658950806
,None_f138,../data/Target.mp3,3445248,3470336,0.0040704039286594005,-780.2868,217.5225,-6.523674,55.042934,6.8434258,7.0010185,-8.005177,-8.744827,-0.99671936,20.258484,-5.73407,-0.8686905,18.351181,F#,minor,0.8184272646903992
,None_f139,../data/Target.mp3,3470336,3494912,0.0033396311725179353,-789.09406,218.0476,-27.348324,44.45931,-3.5673943,-23.951271,-34.77093,-15.276867,-19.764824,-1.8838463,-15.495096,0.84010315,6.969269,G,major,0.8169299960136414
,None_f140,../data/Target.mp3,3494912,3519488,0.0030457433313131332,-786.58514,201.01688,-19.74364,41.764896,3.2833328,1.4667892,-12.853071,3.6097527,-10.680439,-0.8587494,-16.398415,-4.0047607,12.59243,F#,minor,0.8282162547111511
,None_f141,../data/Target.mp3,3519488,3544064,0.003453916870057583,-821.02277,203.43152,-32.768883,34.498318,-5.820404,-19.924202,-23.309814,-3.1540985,-10.584322,11.048058,-2.4270668,3.9946136,24.841892,F#,minor,0.7412326335906982
,None_f142,../data/Target.mp3,3544064,3568640,0.0029646496598919234,-778.79834,202.08997,-34.603386,54.505974,10.102169,4.9079323,-8.201649,-6.157543,-13.975443,6.7220154,-26.711742,-13.217415,3.9555511,F#,minor,0.667167603969574
,None_f143,../data/Target.mp3,3568640,3593216,0.004761155384282271,-801.5171,228.78009,-15.308266,58.518635,15.555752,7.594425,-5.0800934,-3.766571,-8.046581,4.931782,-16.892136,-5.9281044,-0.4498062,E,minor,0.853407084941864
,None_f144,../data/Target.mp3,3593216,3617792,0.0038992660120129585,-814.39703,227.60245,-26.276089,45.13864,-2.9555283,-3.1233368,-19.62833,-12.589634,-16.35518,-15.173119,-22.969967,-12.092869,-8.930691,E,minor,0.8946192860603333
,None_f145,../data/Target.mp3,3617792,3642368,0.0038909375046690307,-797.38165,218.74347,-14.49593,70.06183,7.6300964,8.722137,-7.4484863,-5.304455,-1.3716927,4.209408,-19.01204,-1.9837723,8.41626,F#,minor,0.7510412931442261
,None_f146,../data/Target.mp3,3642368,3667456,0.004335116366950833,-788.5262,226.979,-5.154007,62.670063,-4.7587585,4.6486588,-10.777107,-4.000923,-6.558777,6.8280144,-14.424549,-1.7264137,6.045395,F#,major,0.8913665413856506
,None_f147,../data/Target.mp3,3667456,3692544,0.002741375747992068,-777.83575,190.97507,-5.083107,38.37759,7.897793,-5.6846123,-13.817167,-4.2331696,-5.3647118,3.074154,-13.841499,-10.72665,-0.9342003,B,minor,0.8445494174957275
,None_f148,../data/Target.mp3,3692544,3717120,0.0017083791705469291,-790.5777,189.73799,-15.486027,38.5925,5.784668,0.16928482,-15.755983,-0.17306137,-6.365814,-1.4365273,-6.761181,-10.818523,3.60923,B,minor,0.8447992205619812
,None_f149,../data/Target.mp3,3717120,3741696,0.0028871390968561172,-796.3623,200.95462,-12.865227,46.430614,5.5875664,-5.0870132,-11.90682,6.040634,-2.8554306,-3.755268,-17.285732,-8.306343,0.12420273,B,minor,0.8212404251098633
,None_f150,../data/Target.mp3,3741696,3766272,0.0023118406534194946,-811.09875,197.41115,-15.265583,44.05845,8.702717,2.1854134,-16.511974,6.999672,-4.808819,-7.391651,-21.258839,-17.088474,-2.4209862,B,minor,0.8286982774734497
,None_f151,../data/Target.mp3,3766272,3790848,0.0017733491646746795,-835.9644,195.44638,-27.868172,33.400383,1.9637413,-9.257782,-23.899387,-0.08053589,-12.032774,-3.7051544,-22.427637,-20.96725,-3.4113731,B,minor,0.8386189937591553
,None_f152,../data/Target.mp3,3790848,3815936,0.0017657959643675356,-839.8974,202.20741,-15.886837,35.653618,0.019187927,-8.968369,-17.34122,-7.1916733,-11.041475,-6.485924,-19.057182,-17.139114,-1.4865608,B,minor,0.8369606733322144
,None_f153,../data/Target.mp3,3815936,3840512,0.0017143568644920986,-832.87274,211.61409,-14.524853,36.432545,3.6390724,-5.442444,-16.833733,-0.90634537,-10.281921,-1.7819557,-16.921902,-18.819374,2.8428345,B,minor,0.8311851620674133
,None_f154,../data/Target.mp3,3840512,3865600,0.0016501244841789712,-830.2201,194.97208,-17.750385,26.714172,4.068798,-4.0251083,-19.80552,-0.51387024,-13.857355,-2.6206589,-23.529102,-14.018616,1.510746,B,minor,0.8452051281929016
,None_f155,../data/Target.mp3,3865600,3890176,0.002318762708455324,-784.15454,169.49371,0.5494003,16.866352,-2.4830513,-10.144665,-5.2539597,-4.6516075,1.0641708,0.3151703,-15.736126,-15.0750885,-3.5776367,B,minor,0.8402140140533447
,None_f156,../data/Target.mp3,3890176,3914752,0.0017315642908215523,-777.5482,171.04834,-9.251854,16.972752,2.7310905,-16.211647,-9.393,1.6220627,3.4487038,-1.7043839,-12.798706,-19.643688,-5.464451,B,minor,0.84244704246521
,None_f157,../data/Target.mp3,3914752,3939328,0.001932700164616108,-799.8544,171.76926,1.5824165,28.019806,13.195225,-8.27388,-4.988756,3.7888584,5.255451,-7.5901375,-15.537817,-16.281433,-0.95438766,B,minor,0.8268511891365051
,None_f158,../data/Target.mp3,3939328,3963904,0.002068429874877135,-795.65686,173.40353,-2.7536697,24.703136,8.472164,-12.410915,-12.94973,-1.8731804,0.34749603,-7.913555,-20.226965,-16.261726,-0.8791809,B,minor,0.8305105566978455
,None_f159,../data/Target.mp3,3963904,3988480,0.002434675581753254,-808.67145,182.21234,-6.783169,24.74313,6.196266,-9.264141,-11.06822,-0.18489838,-7.750576,-8.067501,-26.07304,-16.481758,-7.36001,B,minor,0.8366246223449707
,None_f160,../data/Target.mp3,3988480,4013056,0.0015447316691279411,-821.8153,175.92583,-3.119522,29.284016,13.249645,-2.7902145,-1.7729912,2.5005493,-4.930935,1.9273643,-18.388317,-17.417606,-3.750967,B,minor,0.8009864687919617
,None_f161,../data/Target.mp3,4013056,4038144,0.0020192683655388503,-815.45325,180.05734,-5.730427,20.830101,10.611359,-8.641254,-4.5254517,-2.027874,-2.7280998,-2.4752998,-20.693161,-15.61047,-5.822529,B,minor,0.8187375068664551
,None_f162,../data/Target.mp3,4038144,4063232,0.0021362084211135396,-800.62134,176.12105,-1.3035011,26.915909,16.340977,-0.40865326,-3.8268356,0.34566498,-5.2199135,-1.3414917,-22.505112,-13.35434,-7.8175945,B,minor,0.8133838772773743
,None_f163,../data/Target.mp3,4063232,4087808,0.0014693737030029297,-867.3836,198.94667,-15.605698,13.514252,-7.418209,-3.993904,-16.0816,-5.8040314,-8.97678,6.068516,-14.1451645,-24.56683,-10.954884,B,minor,0.8195056319236755
,None_f164,../data/Target.mp3,4087808,4112384,8.020374419478078e-05,-1065.3894,147.82376,-13.192635,-6.4806213,3.0239983,-28.487907,-25.109962,-20.555626,-16.83535,-4.5907974,-16.88137,-19.746304,0.81300735,B,minor,0.7211762070655823
,None_f165,../data/Target.mp3,4112384,4136960,0.0014151389089723427,-806.21954,186.43196,-36.032986,46.22155,-7.2211494,-11.945324,-18.362759,-8.130768,-3.5656319,2.6777496,-8.348312,3.7403297,18.860733,B,minor,0.8207762241363525
,None_f166,../data/Target.mp3,4136960,4162048,0.0010157194064587963,-798.00916,95.247375,-69.02381,6.526249,-23.457478,11.746304,11.439133,12.959038,6.297039,-0.3842125,-27.106533,6.899452,29.325352,B,minor,0.8394500613212585
,None_f167,../data/Target.mp3,4162048,4187136,0.0006525235212579065,-904.3673,32.268597,-70.85434,15.822842,14.297775,34.037025,-4.701145,-11.060646,6.433014,31.206903,-10.254776,0.46055984,35.065403,B,minor,0.8196127414703369
,None_f168,../data/Target.mp3,4187136,4210688,0.0025999231830887174,-793.8665,207.47066,0.6681366,36.000847,6.6949615,8.854855,-12.79945,-4.9371414,0.58584976,12.189568,-15.678146,-9.679218,6.532505,B,minor,0.8410714864730835
,None_f169,../data/Target.mp3,4210688,4234240,0.0013788292265456655,-866.246,184.70059,15.396336,35.625114,15.464848,9.694824,-4.334568,2.8998528,-5.0501823,-4.9215393,-21.43171,-13.014629,-3.529564,B,minor,0.8332017064094543
,None_f170,../data/Target.mp3,4234240,4258304,0.0006363362549467289,-897.9998,184.8566,-15.375008,29.9958,10.68578,9.982567,-7.0546036,10.86982,-5.0930405,0.63822937,-23.186102,-15.500866,-2.0933113,B,minor,0.8270212411880493
,None_f171,../data/Target.mp3,4258304,4281856,0.00047208810144144553,-901.1354,194.6977,-17.47054,31.862507,11.548576,-0.6333008,-16.6591,7.312195,-7.5058136,3.4787521,-4.8660355,-5.8302727,6.771229,B,minor,0.8440293669700623
,None_f172,../data/Target.mp3,4281856,4305920,0.0004010547269532021,-912.0124,179.0416,-36.709335,20.854969,5.3048363,-1.5310822,-12.546024,6.1338997,-2.149475,-5.474827,-18.717459,-19.567402,-3.3785858,B,minor,0.8423343300819397
,None_f173,../data/Target.mp3,4305920,4330496,0.0008417582139372826,-886.4756,212.047,-27.381428,34.906982,5.1872215,-13.902084,-16.835197,-6.446007,-12.805004,-2.0978622,-17.313957,-12.837193,8.2812805,B,minor,0.8649755716323853
,None_f174,../data/Target.mp3,4330496,4355072,0.000839699525386095,-871.5674,175.0863,-40.494003,48.53104,10.938004,-2.0714035,-11.884098,-4.1387367,2.8465462,12.784555,-3.7114182,-6.880371,4.918251,B,minor,0.8388190269470215
,None_f175,../data/Target.mp3,4355072,4379648,0.000830851960927248,-920.9309,225.14679,-7.411415,43.55974,18.832546,-11.176971,-4.8618546,-7.3174515,12.458324,15.6029625,-8.17643,-5.9253426,15.201141,G,major,0.8312506079673767
,None_f176,../data/Target.mp3,4379648,4404224,0.0007832774426788092,-872.4462,193.14319,-27.05642,51.441814,16.716007,4.715626,-14.038223,-5.21294,-5.9413414,-0.11184311,-14.84848,2.1699562,16.906265,G,major,0.6689959168434143
,None_f177,../data/Target.mp3,4404224,4429312,0.0007638102587388487,-932.0297,230.69049,-1.2762985,41.52559,17.795132,-28.191475,-9.590622,-5.687523,6.06509,10.365849,-7.473381,-2.1828003,12.88496,E,minor,0.9458381533622742
,None_f178,../data/Target.mp3,4429312,4454400,0.0009738551262690096,-895.87787,215.82211,-16.74955,47.53212,14.88496,-0.5747757,2.4443893,-1.189949,5.0173607,12.7395935,-9.757397,-8.577946,7.561863,E,minor,0.8484517335891724
,None_f179,../data/Target.mp3,4454400,4478976,0.0008258145147313675,-913.6864,229.93167,-4.791313,42.80371,12.9089775,-15.934677,-8.331032,-4.506157,5.3467064,2.9816399,-1.7022934,-5.536289,3.249714,F#,major,0.8265390396118164
,None_f180,../data/Target.mp3,4478976,4503552,0.0008396983612328768,-904.36017,214.54968,-11.527107,48.30887,16.843456,4.8591537,5.574913,3.6891556,7.077877,3.0712013,-14.697445,-7.358639,1.6942749,F#,minor,0.9598522782325745
,None_f181,../data/Target.mp3,4503552,4528128,0.0010398296484102805,-891.32684,211.08536,-29.582603,35.562477,3.0425835,-20.702461,-19.789276,-12.50676,-9.792122,-2.8913727,-25.10904,-18.01765,3.941742,B,minor,0.8619263172149658
,None_f182,../data/Target.mp3,4528128,4552704,0.000989463645964861,-873.32416,174.18591,-29.165268,54.21207,15.640858,6.5878105,-9.981644,-11.00111,-2.1192665,9.0143585,-5.3564377,-2.3701897,11.500404,B,minor,0.8646748661994934
,None_f183,../data/Target.mp3,4552704,4577280,0.0009136284546305736,-920.484,229.3888,-2.4257278,47.148712,16.75639,-17.897568,-7.719208,-6.498192,14.6647,10.669567,-8.988121,-8.444489,5.6404915,G,major,0.8280318379402161
,None_f184,../data/Target.mp3,4577280,4602368,0.0008677829589162554,-881.2073,198.39282,-23.856209,57.76116,18.900951,2.6427765,-11.037979,0.55378723,-4.0130043,2.5523224,-14.643723,-5.348469,18.857452,G,major,0.6949629783630371
,None_f185,../data/Target.mp3,4602368,4627456,0.00081511738957191,-924.4635,228.81894,1.943718,47.75482,16.748043,-13.898987,-7.364998,-11.874794,11.593502,10.972355,-10.800758,-7.8987694,8.32394,E,minor,0.9318021535873413
,None_f186,../data/Target.mp3,4627456,4652032,0.0010050391623129447,-912.363,225.2915,-8.280022,48.2498,22.530067,-4.6306763,7.041336,1.1962204,4.1963615,10.392723,-7.261547,-8.535927,5.998207,E,minor,0.8855589628219604
,None_f187,../data/Target.mp3,4652032,4676608,0.0007836741860955954,-922.4043,233.39322,1.844902,43.041748,14.648327,-16.500656,-5.9029236,-8.211662,9.291645,9.131313,-6.6703453,-4.397175,4.0264854,F#,major,0.857255220413208
,None_f188,../data/Target.mp3,4676608,4701184,0.0008944938890635967,-913.3686,218.03851,-5.973961,49.39659,20.043907,3.2431183,5.3481064,6.5587234,7.333538,-3.0081177,-13.1235695,-8.715027,3.1666946,F#,minor,0.8413132429122925
,None_f189,../data/Target.mp3,4701184,4725760,0.0011699267973502476,-885.81384,220.64905,-23.21212,36.936638,5.1759453,-18.549614,-17.235802,-3.2278442,-4.771412,-1.444313,-17.50428,-21.93031,5.667362,B,minor,0.8241943120956421
,None_f190,../data/Target.mp3,4725760,4750336,0.0011949826342364152,-862.4415,173.72182,-33.00485,45.422123,13.74387,6.659775,-14.051975,-2.6323433,4.7833366,14.888065,-7.258438,-5.309395,6.9221764,B,minor,0.8546647429466248
,None_f191,../data/Target.mp3,4750336,4774912,0.0011376552283763885,-914.93494,233.27881,-2.9789658,44.016434,18.674267,-14.620956,-7.3955307,-4.6703415,11.970211,16.646412,-0.8325653,-1.9880981,14.368488,G,major,0.7764858603477478
,None_f192,../data/Target.mp3,4774912,4799488,0.0009940816865613062,-866.84424,196.11559,-21.536316,53.71604,18.25319,-1.524601,-15.815037,8.265354,-4.460903,0.8869209,-9.621208,-0.5849228,17.753773,G,major,0.6611260175704956
,None_f193,../data/Target.mp3,4799488,4824576,0.0009710860951822631,-918.96814,239.03668,3.7413864,40.279892,17.1674,-15.189682,-7.5277863,-2.8659286,11.448048,8.605095,-7.414356,-9.575718,4.569336,E,minor,0.946262001991272
,None_f194,../data/Target.mp3,4824576,4849664,0.0009200468811453606,-896.94653,223.08536,-13.970222,39.553032,13.077419,1.645546,1.5934677,-2.1493988,4.137356,20.748672,2.1336632,-8.465729,10.687798,E,minor,0.7924926280975342
,None_f195,../data/Target.mp3,4849664,4874240,0.0008710875020672878,-926.2987,245.10645,7.942375,33.85269,16.736492,-18.380661,-9.672905,-10.252815,6.6462975,12.085323,-4.887123,-6.936367,2.939518,F#,major,0.8648166060447693
,None_f196,../data/Target.mp3,4874240,4898816,0.000875559945901235,-904.0818,220.41061,-7.666481,48.03424,16.746777,-7.792946,1.8429718,9.511868,4.5857964,9.109653,-10.494286,-14.9593315,-2.635826,F#,minor,0.907983660697937
,None_f197,../data/Target.mp3,4898816,4923392,0.001098222720126311,-912.9754,238.27393,0.5143509,42.9498,18.675884,-16.509842,-10.462196,-5.89431,8.842419,12.39304,-3.4584084,-3.9423943,9.079243,G,major,0.8292799592018127
,None_f198,../data/Target.mp3,4923392,4947968,0.001012370844061176,-872.1142,217.6276,-15.84288,41.454468,2.9234047,1.9037552,-7.830147,-0.4103546,-5.539894,7.4274864,-9.789886,-16.82777,7.6222534,G,major,0.8991955518722534
,None_f199,../data/Target.mp3,4947968,4972544,0.0009181432736416658,-911.78357,217.21469,-16.231895,38.053528,9.091671,-11.702225,-9.9159775,-5.4448166,7.7663536,6.253483,-4.853958,-9.7637825,2.0015717,A,major,0.8618308901786804
,None_f200,../data/Target.mp3,4972544,4997120,0.0009297681196282307,-899.5658,213.54892,-21.566734,43.21045,15.198711,-4.781967,-6.3022003,-0.9878464,4.396694,2.5751152,-15.146652,-14.090176,0.038215637,A,major,0.8873202800750732
,None_f201,../data/Target.mp3,4997120,5022208,0.0010499404553247957,-927.3904,228.2937,-7.0126877,35.559647,14.734982,-25.769844,-20.32647,-17.127892,-2.759678,-2.1781769,-13.751785,-10.556213,3.471424,B,minor,0.8528428077697754
,None_f202,../data/Target.mp3,5022208,5047296,0.0010786004820648506,-895.59125,218.6836,-19.857475,40.656845,11.757885,-7.5362244,-12.414322,-11.340057,-1.3494072,1.0812149,-18.70631,-17.58688,1.3420563,B,minor,0.8577208518981934
,None_f203,../data/Target.mp3,5047296,5072384,0.000866918539514347,-1050.5903,184.01556,27.0209,12.849304,20.04612,-7.64653,-8.152657,1.7995377,1.089962,-3.6007462,-17.408943,-18.97543,-9.303421,B,minor,0.8693351745605469
,None_f204,../data/Target.mp3,5072384,5097472,0.001032939142718607,-907.0608,164.71848,-65.83177,3.8402328,-45.261803,-53.22422,-43.15643,-27.457916,-29.212849,-22.068268,-25.822632,-19.881199,-4.5276833,B,minor,0.8559290170669556
,None_f205,../data/Target.mp3,5097472,5122048,0.0015293483932813008,-846.14185,205.94237,-11.456406,39.998055,4.351715,-6.2657585,-9.97422,5.608223,-3.2289505,4.444374,-5.9718933,-5.0722466,1.1131287,B,minor,0.8755745887756348
,None_f206,../data/Target.mp3,5122048,5146624,0.0014132185218234856,-846.2563,178.09152,-32.588463,37.59974,19.517624,6.072441,-12.205292,4.664379,8.844967,14.00839,-2.5427284,-5.3587646,0.83716583,B,minor,0.876234769821167
,None_f207,../data/Target.mp3,5146624,5171200,0.001317922802021106,-881.00824,229.44736,-7.701309,37.975235,17.774265,0.48957443,-9.110168,5.0180206,3.9823837,12.057358,1.2966118,-1.7330475,13.436871,G,major,0.8818488717079163
,None_f208,../data/Target.mp3,5171200,5195776,0.001282530448709925,-838.2566,198.48415,-19.480675,50.450035,12.380192,-2.4777527,-16.026337,7.305275,-3.5933418,8.613693,-2.0068398,0.48430252,9.513027,G,major,0.7732251286506653
,None_f209,../data/Target.mp3,5195776,5220352,0.0013653583203752835,-886.19745,223.3411,-1.1624374,42.921074,13.925777,-1.7993851,-18.542217,0.26439667,8.815449,9.496361,-5.4475937,-3.165638,10.432522,E,minor,0.9236108660697937
,None_f210,../data/Target.mp3,5220352,5244928,0.0014364109374582767,-855.71075,214.24722,-14.223946,44.696697,6.977646,2.549305,-1.9323425,6.634556,-3.8398056,14.262613,-0.11651611,-5.8217926,8.168549,E,minor,0.8926042914390564
,None_f211,../data/Target.mp3,5244928,5270016,0.0012331387522269267,-886.2306,220.19882,-2.39719,45.033634,12.432808,-4.80093,-11.773064,4.9339905,2.6047173,7.437584,-4.79142,-6.9243584,6.410244,F#,major,0.8742828965187073
,None_f212,../data/Target.mp3,5270016,5295104,0.0013822549763990908,-846.8658,215.25613,-10.792229,47.186543,2.8389626,-2.649559,-9.105167,8.631699,1.2026443,7.7036133,-8.568451,-8.055904,0.41994095,F#,minor,0.8837063312530518
,None_f213,../data/Target.mp3,5295104,5319680,0.0015649328318734963,-841.54596,211.90848,-23.447243,38.04878,0.6638489,-2.7292519,-15.796474,2.4186058,-4.8438644,3.4561539,-6.400093,-5.491169,8.100807,B,minor,0.8807887434959412
,None_f214,../data/Target.mp3,5319680,5344256,0.0014342109983166058,-842.5098,179.55841,-27.792355,46.430412,26.514656,13.642223,-12.027386,8.430935,1.020546,18.95165,-5.572754,-5.0729294,-2.2825966,B,minor,0.8676326274871826
,None_f215,../data/Target.mp3,5344256,5368832,0.0014348168236513932,-888.5248,227.64633,0.16349792,43.250988,19.73656,2.8875961,-6.309532,6.3305893,2.2511597,15.836153,0.90315247,-8.354794,10.938694,G,major,0.8355225324630737
,None_f216,../data/Target.mp3,5368832,5393408,0.0012930253675828378,-838.8106,196.2341,-16.019657,46.166183,17.678642,-1.2251968,-16.694016,5.462227,-6.7974358,5.4869995,-4.669277,-1.6332932,9.177921,G,major,0.7785642743110657
,None_f217,../data/Target.mp3,5393408,5418496,0.001406876560376615,-891.0444,222.12778,2.995308,43.871437,16.25137,-2.8702545,-18.358711,9.08078,4.8813744,11.268608,-1.6796799,-4.288166,14.427166,E,minor,0.8632369041442871
,None_f218,../data/Target.mp3,5418496,5443072,0.0015544566946725051,-858.74963,218.52327,-13.955421,42.061375,14.597412,10.306934,-4.23468,5.3432083,4.258354,14.649559,-1.9170494,-7.0071106,8.7845955,E,minor,0.8640393614768982
,None_f219,../data/Target.mp3,5443072,5468160,0.0012331791982358815,-881.97577,222.02298,1.6690216,49.58221,14.132877,-3.6473618,-13.123718,8.193588,1.2624474,7.1983414,-5.144226,-5.874649,6.6492157,F#,major,0.8438403606414795
,None_f220,../data/Target.mp3,5468160,5492736,0.00150432080651323,-847.53644,211.50137,-2.4895096,49.342934,4.773041,-7.2164,-4.9836426,10.726343,2.3470573,8.75597,-9.262045,-6.8836365,0.28373718,F#,minor,0.908638596534729
,None_f221,../data/Target.mp3,5492736,5517312,0.0017831178071598213,-837.135,209.42776,-14.317944,45.028553,3.39085,-9.4109955,-10.561588,7.00037,-9.3223,1.2317657,-7.6535683,-0.09685516,10.682266,B,minor,0.8449756503105164
,None_f222,../data/Target.mp3,5517312,5541888,0.0013547814451158047,-844.3044,188.2051,-32.98827,46.10458,21.962543,5.6675224,-14.905449,3.531353,0.6619644,4.0334663,-3.7304115,-4.191864,3.0664024,B,minor,0.8822611570358276
,None_f223,../data/Target.mp3,5541888,5566464,0.0015717724648614724,-880.8878,225.84906,-1.8566895,42.437668,19.87487,1.6231842,-5.693947,2.8355865,1.5008049,16.267193,-8.788185,-4.7529564,10.057022,G,major,0.8359660506248474
,None_f224,../data/Target.mp3,5566464,5591040,0.0013450526942809422,-838.8316,196.55788,-14.588215,54.84668,19.334362,0.22718048,-10.652584,11.309715,1.5885468,9.558016,-9.05327,-3.6264114,14.761078,G,major,0.787658154964447
,None_f225,../data/Target.mp3,5591040,5616128,0.0014581686379958171,-892.61,228.6966,1.1492386,41.051,11.439991,-4.9936523,-16.030975,5.537903,3.742321,6.3334312,-2.332924,-2.649109,16.570229,E,minor,0.923144519329071
,None_f226,../data/Target.mp3,5616128,5641216,0.0015127295438124209,-853.32117,212.45605,-6.947258,41.06393,13.410034,9.519436,-6.417717,5.9434624,-5.3577347,21.296562,1.2473907,0.039966583,6.9792175,E,minor,0.8144549131393433
,None_f227,../data/Target.mp3,5641216,5665792,0.0012619652940581243,-890.4095,229.86694,4.538933,44.813446,13.504063,-7.41494,-13.221558,5.4677887,3.292797,10.038887,-4.5643463,-6.1863136,5.9752197,F#,major,0.8552523851394653
,None_f228,../data/Target.mp3,5665792,5690368,0.001282282096023361,-867.26447,219.48755,-3.5719757,41.022552,14.929497,5.000374,0.069423676,11.458225,5.5238495,9.294319,-10.396957,-10.054317,-2.0612411,F#,minor,0.8706495761871338
,None_f229,../data/Target.mp3,5690368,5714944,0.0017464437211553256,-873.56415,231.74374,7.518261,40.94577,13.360779,1.4473801,-12.108841,6.875725,2.18964,9.929865,-2.1864243,-2.572647,8.048958,G,major,0.8911632895469666
,None_f230,../data/Target.mp3,5714944,5739520,0.0015886933542788029,-851.3404,220.84491,-5.458271,39.103832,10.2098465,9.0178795,-1.8415337,-1.6024933,-6.734249,9.024437,-9.578304,-11.644508,2.3373795,G,major,0.8110871315002441
,None_f231,../data/Target.mp3,5739520,5764096,0.001482510007917881,-880.97205,233.20312,-3.8981552,46.076828,11.413303,-4.854233,-6.7010574,5.9415207,6.7601433,10.689869,-1.2887535,-10.418804,4.366287,A,major,0.8412073254585266
,None_f232,../data/Target.mp3,5764096,5788672,0.0015668746394415696,-865.60406,221.80276,-12.698486,44.76912,15.84193,3.7517624,-5.5094986,10.381851,6.9710045,8.956833,-10.201454,-4.185032,5.473629,A,major,0.8376372456550598
,None_f233,../data/Target.mp3,5788672,5813248,0.0017000377799073856,-876.4442,225.18808,0.4881363,44.4983,7.16383,-7.716133,-16.007324,5.4914474,3.7516136,11.137474,-4.504265,-6.692795,9.59927,B,minor,0.8840658068656921
,None_f234,../data/Target.mp3,5813248,5837824,0.001795303076505661,-859.2006,219.30685,-15.205536,43.17441,5.3418083,1.7530746,-14.687027,-1.1258545,-3.8241768,3.3065796,-8.678123,-13.379833,1.0621834,B,minor,0.8722354173660278
,None_f235,../data/Target.mp3,5837824,5862912,0.0013293128232566677,-970.6367,218.93872,14.679634,25.572998,25.09478,-3.1709366,1.271843,14.114468,4.0376854,8.144825,1.5206146,-4.1096725,13.716312,B,minor,0.8449195623397827
,None_f236,../data/Target.mp3,5862912,5887488,0.000504242954775691,-879.8058,83.39229,-71.037506,-12.458256,-34.02495,-29.340591,-30.962381,-11.529533,-21.674156,3.8131218,-3.960392,2.761177,14.9566765,B,minor,0.7784543633460999
,None_f237,../data/Target.mp3,5887488,5912576,0.0018324823099739697,-793.9459,145.2722,-8.781448,32.38873,-0.5498047,12.714533,13.400993,29.376396,0.44804764,9.877052,-8.013819,-18.806656,0.65449524,B,minor,0.856529176235199
,None_f238,../data/Target.mp3,5912576,5937152,0.0016607620442907016,-841.5707,169.29247,-9.826004,35.202393,5.485489,6.7006416,-0.84171295,9.333508,4.957493,2.4995232,-11.589836,-12.312164,-0.0983963,B,minor,0.8317463397979736
,None_f239,../data/Target.mp3,5937152,5961728,0.0016811162543793519,-848.4876,182.60953,6.244587,42.592884,14.721798,10.977169,-0.42455673,18.829933,9.168419,14.462059,-11.278366,-3.777279,8.660507,G,major,0.8466933965682983
,None_f240,../data/Target.mp3,5961728,5986816,0.001511895382890896,-799.9691,152.54535,18.248093,37.511272,2.1629295,16.617884,3.3795319,16.646383,7.3855515,3.9414291,-20.778957,-9.158043,11.77203,G,major,0.7890724539756775
,None_f241,../data/Target.mp3,5986816,6011904,0.0017673710779267915,-816.4903,157.85403,8.351215,47.09253,5.176838,7.1610603,-1.0670013,16.213188,12.889008,16.319662,-15.441494,-9.010651,13.202114,E,minor,0.8824045062065125
,None_f242,../data/Target.mp3,6011904,6036480,0.0017447701344887416,-846.69196,196.97083,3.0499573,47.985725,17.749489,12.869312,-3.650383,5.9740524,7.5841484,17.074787,-2.473198,-4.837677,6.4944077,E,minor,0.9064562320709229
,None_f243,../data/Target.mp3,6036480,6061056,0.001508949634929498,-867.43805,204.14493,3.5844688,48.114788,10.943054,9.365704,-0.7179146,10.605331,-3.0628052,10.300678,-3.419487,-4.820244,14.730221,F#,major,0.8413928151130676
,None_f244,../data/Target.mp3,6061056,6085632,0.0014807432889938354,-813.1885,173.2657,-0.65844345,45.11596,9.528843,10.147392,-1.6036034,17.029432,-1.7827835,19.491894,-0.5970154,-8.3496475,2.8747025,F#,minor,0.8391774296760559
,None_f245,../data/Target.mp3,6085632,6110208,0.0019187075085937977,-783.0364,151.69434,-2.9330559,33.72086,3.3418427,14.102459,10.981701,20.615143,0.46388245,7.7498875,-5.5427055,-18.794334,-2.0915298,B,minor,0.8652023673057556
,None_f246,../data/Target.mp3,6110208,6134784,0.0018649309252699215,-848.0317,179.1566,-6.954685,42.55676,13.792675,9.157463,-3.0764847,12.17462,0.82403183,8.690302,-9.079948,-14.028595,-0.15720749,B,minor,0.8407490849494934
,None_f247,../data/Target.mp3,6134784,6159360,0.0018124538473784924,-843.82086,178.10658,7.222904,41.50666,18.522087,12.792278,5.2275887,14.748339,8.859047,17.809586,-11.37513,-4.1205177,11.887257,G,major,0.8325477838516235
,None_f248,../data/Target.mp3,6159360,6184448,0.001568283657638394,-800.9961,146.04958,17.350151,44.597355,4.881481,20.127743,10.364777,13.696955,2.3261185,3.691349,-18.55709,-12.927734,12.064251,G,major,0.7530654072761536
,None_f249,../data/Target.mp3,6184448,6209536,0.0016249599201338632,-813.0675,145.09492,9.920708,40.731396,10.265732,13.722532,3.0626793,20.553003,13.63858,19.28424,-19.66168,-10.692791,19.45922,E,minor,0.882449209690094
,None_f250,../data/Target.mp3,6209536,6234112,0.001747235655784607,-848.58136,197.5702,0.043964386,46.770077,11.917938,10.597328,-1.3412323,17.791254,10.653515,20.2727,-0.74871826,-3.6764946,8.339336,E,minor,0.9143348932266235
,None_f251,../data/Target.mp3,6234112,6258688,0.0014862714645763238,-867.4643,199.97304,3.8400345,41.413322,11.3868065,9.769382,-5.849228,19.559633,0.73028564,14.208258,0.11323547,-2.6010742,9.236401,F#,major,0.8424475789070129
,None_f252,../data/Target.mp3,6258688,6283264,0.0014788239883879821,-813.9012,166.48064,-4.008583,39.68251,11.455959,14.843945,-1.0858917,17.135073,-4.5735054,17.20241,4.6127815,4.2370834,11.349838,F#,minor,0.8246896266937256
,None_f253,../data/Target.mp3,6283264,6307840,0.0019627312819163003,-777.40063,147.90205,-4.0609894,43.808716,4.215168,15.078371,7.1839943,27.571577,4.1780853,9.7882805,0.4920044,-17.864746,-2.616436,G,major,0.8242504596710205
,None_f254,../data/Target.mp3,6307840,6332416,0.0016355163728197415,-837.7058,184.07639,0.47525024,45.132133,17.424397,10.501545,-3.0963135,19.132874,0.5445976,10.159416,-8.396622,-13.471424,-0.5958977,G,major,0.8506326079368591
,None_f255,../data/Target.mp3,6332416,6356992,0.001776480736831824,-844.15106,167.12524,-2.4359322,41.642937,14.353283,18.51017,5.0566177,19.985842,2.406868,13.730907,-9.6674385,-0.4753685,23.855774,A,major,0.8766289353370667
,None_f256,../data/Target.mp3,6356992,6381568,0.001921128947287798,-796.3748,148.66449,17.60519,37.309452,6.1250267,18.474714,9.962841,19.49216,8.591263,13.471657,-11.176174,-13.01326,15.680389,A,major,0.8249775171279907
,None_f257,../data/Target.mp3,6381568,6406656,0.0018398535190796365,-814.8478,158.81877,2.8140182,39.70258,10.418697,5.803425,2.471161,25.054892,10.701614,18.503258,-20.89898,-21.539352,16.904533,B,minor,0.8452602028846741
,None_f258,../data/Target.mp3,6406656,6431744,0.0016621886467447086,-826.9883,180.73473,-4.369915,39.432087,-0.63657,4.1140976,-7.06942,-2.2965813,-4.8690605,7.9531384,-8.357136,-13.436157,3.9899979,B,minor,0.8603175282478333
,None_f259,../data/Target.mp3,6431744,6456320,0.0012426880809168022,-920.1068,168.60312,-2.9728012,40.73055,13.189732,21.499897,3.2808914,25.066053,12.299812,12.118486,-15.857306,-15.172798,13.869129,B,minor,0.8382479548454285
,None_f260,../data/Target.mp3,6456320,6480896,0.0005645445780828595,-933.99097,241.44827,-27.237995,-28.440586,-8.385044,-24.572777,-11.023125,-5.8201523,-9.707993,-6.0915146,1.6080551,3.0265388,1.137577,C#,minor,0.8315025568008423
,None_f261,../data/Target.mp3,6480896,6505472,0.0004904388915747404,-957.70654,228.16513,-11.2715225,-9.35025,5.569851,-13.081528,-10.623146,-6.628029,-2.8010597,-5.3439636,-3.9886093,-1.9259262,0.046344757,F#,minor,0.7586954236030579
,None_f262,../data/Target.mp3,6505472,6530048,0.00035147244731585187,-983.9464,225.88718,-5.6865616,-25.010838,10.705608,-9.248581,-14.598595,-6.8262863,-13.946053,-11.379372,-0.6741333,-1.5284729,-0.112010956,B,minor,0.775294303894043
,None_f263,../data/Target.mp3,6530048,6554624,0.0002674023077512781,-1002.35596,225.14706,13.379082,-21.39127,10.784328,-2.3224182,-11.663979,-11.719917,-20.069191,-12.750427,-5.519989,-14.514126,-10.042007,B,minor,0.8066861629486084
,None_f264,../data/Target.mp3,6554624,6579712,0.0002815836698425059,-1002.5132,221.01047,3.08535,-29.872196,9.402355,-4.4123,-18.591911,-15.807381,-21.179016,-16.372063,-5.838188,-10.429104,-14.258537,B,minor,0.8143948316574097
,None_f265,../data/Target.mp3,6579712,6604288,0.0002598935194934408,-1018.87634,222.75732,27.47247,-23.885746,3.4076347,-0.22736359,-11.414604,-9.991814,-11.794304,-7.579445,-0.53598785,-7.3883247,-15.267828,B,major,0.8639686107635498
,None_f266,../data/Target.mp3,6604288,6629376,0.00019721595608458226,-1028.4592,209.75162,16.350151,-30.048466,2.7862663,-0.5212631,-12.572487,-9.614937,-13.792351,-11.719337,1.3213043,-1.5827522,-10.753311,B,minor,0.8134227991104126
,None_f267,../data/Target.mp3,6629376,6653952,0.00021080306032672524,-1035.5619,212.16232,28.592007,-28.22208,1.220211,2.9498215,-15.570976,-20.579506,-25.976608,-27.469818,-12.81955,-6.151211,-15.845411,B,minor,0.8012849688529968
,None_f268,../data/Target.mp3,6653952,6678528,0.00024047647214805087,-1044.6272,209.33868,35.67288,-27.624973,-3.697956,-0.16565704,-20.58686,-25.435081,-23.261597,-23.102814,-14.2302475,-8.158382,-15.386274,B,minor,0.8142968416213989
,None_f269,../data/Target.mp3,6678528,6703104,0.0007370788759241501,-909.62244,200.863,-32.03542,27.114342,0.5223961,-30.185143,-22.737328,-11.309502,-19.86346,-1.270935,-15.719955,-10.532352,13.475197,B,minor,0.7908840179443359
,None_f270,../data/Target.mp3,6703104,6727680,0.00047335249837487936,-882.8082,162.70312,-45.53748,30.796188,7.1566505,-9.585014,-26.340336,-14.218746,-18.15803,1.6634941,-16.95566,-16.85331,10.92664,B,minor,0.8439395427703857
,None_f271,../data/Target.mp3,6727680,6752256,0.00048641988541930914,-941.63715,217.80353,-18.335503,21.142975,9.237179,-30.830284,-21.610039,-16.632866,-1.7580299,-0.3166046,-18.458702,-13.990917,5.3268547,B,minor,0.8279216289520264
,None_f272,../data/Target.mp3,6752256,6777344,0.0004782635642557728,-904.2015,170.2569,-41.801807,29.404617,-2.6422157,-16.00563,-33.84675,-9.09137,-17.73367,-6.495987,-20.326218,-14.562084,12.221802,B,minor,0.8385405540466309
,None_f273,../data/Target.mp3,6777344,6802432,0.0004992116318673504,-951.61237,213.14792,-12.664207,21.915314,2.8586693,-35.959694,-23.688774,-21.456047,-6.905384,-1.6780319,-24.19534,-22.363926,0.22410202,B,minor,0.8577113747596741
,None_f274,../data/Target.mp3,6802432,6827008,0.0004736742315193017,-922.2076,198.46921,-42.57674,9.468063,-2.8376198,-23.472038,-19.119194,-18.091805,-21.575394,-5.6218643,-23.321213,-21.340801,5.6045876,B,minor,0.8799775838851929
,None_f275,../data/Target.mp3,6827008,6851584,0.0005478899693116546,-952.3105,207.8501,-24.710773,15.432068,0.56084824,-43.769478,-30.360497,-27.746452,-14.535355,-11.180931,-29.68414,-19.427021,-1.7684288,F#,major,0.8730924129486084
,None_f276,../data/Target.mp3,6851584,6876160,0.0004453647804136078,-939.3863,196.31854,-37.759113,9.438629,-9.425434,-28.789146,-22.77227,-24.761894,-11.195091,-7.821251,-26.827381,-22.91476,5.3947487,F#,minor,0.8610826134681702
,None_f277,../data/Target.mp3,6876160,6900736,0.0005838634679093957,-919.37933,199.99265,-28.287449,25.20401,-2.2625694,-25.976006,-21.14238,-15.298073,-21.249123,-9.922211,-25.324078,-16.83414,9.253372,B,minor,0.8444194197654724
,None_f278,../data/Target.mp3,6900736,6925312,0.00047843992554893094,-885.13605,170.02908,-44.956425,29.003078,3.2295685,-15.770992,-29.126717,-17.397133,-18.236094,10.649345,-16.21932,-11.7422905,15.488102,B,minor,0.8389183282852173
,None_f279,../data/Target.mp3,6925312,6949888,0.0004924848908558488,-948.40234,203.27261,-29.552525,16.602493,-2.4050636,-42.001976,-28.041435,-25.901619,-5.219059,-0.67076874,-27.322628,-20.882465,0.8962097,B,minor,0.8481429219245911
,None_f280,../data/Target.mp3,6949888,6974976,0.0004964911816071491,-896.4198,164.56685,-44.86316,27.22398,-4.4387856,-19.4739,-40.039757,-4.6338577,-24.131283,-10.845787,-27.305166,-14.409519,6.0384293,B,minor,0.81862473487854
,None_f281,../data/Target.mp3,6974976,7000064,0.0004977913839476449,-946.38635,217.78915,-13.983284,26.3891,11.660366,-34.650978,-24.206459,-20.273232,-2.5371132,-2.6652145,-23.712582,-11.816608,4.632229,B,minor,0.8479068279266357
,None_f282,../data/Target.mp3,7000064,7024640,0.0003910985930512349,-930.3592,193.85101,-40.92499,16.65355,-0.73466873,-26.121407,-20.154556,-17.907646,-10.823502,-2.7751236,-25.788391,-21.852093,3.4837532,B,minor,0.8085896372795105
,None_f283,../data/Target.mp3,7024640,7049216,0.0005109908136849602,-952.7337,205.41791,-22.3451,20.354095,-0.6581764,-41.29438,-27.553452,-30.818535,-12.244949,-3.8125992,-23.037563,-11.654087,6.203369,F#,major,0.8584233522415161
,None_f284,../data/Target.mp3,7049216,7073792,0.0004365887337674697,-936.027,193.08673,-37.658497,16.5896,-4.324787,-31.949821,-19.276772,-12.360146,-7.2302246,-5.254364,-28.997734,-21.471622,-2.1153107,F#,minor,0.8548672199249268
,None_f285,../data/Target.mp3,7073792,7098368,0.0006522120287021002,-903.19147,201.17856,-31.936726,21.536331,-4.4430733,-27.78144,-26.524178,-7.7801895,-15.577724,-1.3484955,-15.51849,-9.611076,18.74443,B,minor,0.7243461608886719
,None_f286,../data/Target.mp3,7098368,7122944,0.0004139818095912536,-874.7025,160.63568,-44.674927,22.742348,-0.94350815,-8.61385,-24.890804,-10.06852,-0.6988907,20.319532,-7.2549324,-9.821568,22.969803,G,major,0.8145931363105774
,None_f287,../data/Target.mp3,7122944,7147520,0.0006259728300695618,-929.75775,218.39941,-20.334114,31.044815,13.010204,-26.1249,-19.61045,-24.501656,-3.5743294,4.281704,-20.143532,-15.609066,9.473751,G,major,0.7545272707939148
,None_f288,../data/Target.mp3,7147520,7172608,0.000540395704459171,-894.73724,173.49431,-42.68254,30.553886,7.49691,-25.035412,-32.390945,7.7382545,-9.77206,7.0741158,-9.8310585,-2.0279846,15.978973,G,major,0.7510881423950195
,None_f289,../data/Target.mp3,7172608,7197696,0.0005291171600015796,-941.4574,231.99863,-6.9601517,20.011108,15.174068,-28.640587,-18.525124,-13.5744705,-2.1358528,7.429989,-14.662842,-8.456165,18.781593,E,minor,0.9014779925346375
,None_f290,../data/Target.mp3,7197696,7222272,0.0005105532861004273,-918.38434,200.90585,-30.841328,19.6837,1.669323,-15.466064,-15.9893875,-8.058189,-9.526436,4.061054,-13.478958,-15.19878,10.711891,E,minor,0.844635009765625
,None_f291,../data/Target.mp3,7222272,7246848,0.0005666652383903662,-944.51184,218.55011,-17.182777,23.27826,11.565945,-36.636528,-22.290482,-14.805489,-5.2245407,-0.17382431,-15.77935,-13.89291,4.3040123,F#,major,0.8525080680847168
,None_f292,../data/Target.mp3,7246848,7271424,0.0004039822767178218,-935.0849,194.42554,-31.533527,23.841019,-5.3190804,-23.11045,-11.157471,-12.9807205,-4.707096,-2.9442978,-21.64803,-14.350765,11.78595,F#,minor,0.7825155258178711
,None_f293,../data/Target.mp3,7271424,7296000,0.0005615276362126073,-936.15375,226.2399,-8.233757,27.990967,7.904171,-30.394112,-15.016617,-13.919746,-1.5927315,5.399872,-4.018276,0.18272018,9.34903,G,major,0.828100860118866
,None_f294,../data/Target.mp3,7296000,7321088,0.0004972894580996766,-912.90717,204.5485,-31.90952,22.762405,2.7026482,-13.506683,-17.607407,-16.979652,-12.198143,0.7319679,-13.55265,-18.729855,2.2542648,G,major,0.8784464001655579
,None_f295,../data/Target.mp3,7321088,7345664,0.0004757397109642625,-957.4234,207.23468,-19.96328,8.916626,1.1159782,-24.254402,-17.283287,-14.582207,0.4946556,-1.9841309,-22.393799,-20.90321,-4.86644,A,major,0.8560308814048767
,None_f296,../data/Target.mp3,7345664,7370752,0.00042592547833919525,-940.0671,188.35873,-41.671955,16.204605,-9.37421,-31.397255,-9.811676,-11.60685,-6.3492966,-7.535576,-31.797886,-17.429226,3.79039,A,major,0.8620821833610535
,None_f297,../data/Target.mp3,7370752,7395328,0.00047082713960359496,-945.89087,209.03476,-27.558674,16.324997,1.2584801,-42.646156,-23.864784,-13.949486,-5.565193,-2.0552597,-13.626076,-8.546875,12.162449,B,minor,0.8290246725082397
,None_f298,../data/Target.mp3,7395328,7419904,0.0004650827807684739,-921.3439,198.3222,-37.09342,15.75618,-2.412754,-22.524055,-21.645866,-18.691673,-17.159428,-4.9700775,-23.569538,-15.025173,17.336761,B,minor,0.8667042255401611
,None_f299,../data/Target.mp3,7419904,7444992,0.00023850551521291537,-1061.7717,175.57104,19.138878,-5.3927,6.297817,-14.108994,-18.68789,-9.473167,-9.120277,-14.4121475,-21.143898,-15.981213,-5.4036636,B,minor,0.8536351323127747
,None_f300,../data/Target.mp3,7444992,7469568,0.0007812455296516418,-911.7707,158.15337,-65.28012,2.553955,-41.816776,-46.279152,-38.593807,-20.249702,-30.99553,-22.142578,-28.245567,-20.242168,-0.20443726,B,minor,0.8723283410072327
,None_f301,../data/Target.mp3,7469568,7494144,0.001981736316035191,-809.4037,182.76743,3.5829697,38.869,6.46175,-7.88097,-13.488674,-5.282051,-1.9075737,4.055027,-1.3928452,-2.9559784,5.2933884,B,minor,0.8837636709213257
,None_f302,../data/Target.mp3,7494144,7519232,0.001538780726948563,-837.29083,174.42107,-14.34565,40.14989,18.423908,-5.089226,-4.1717834,0.7553787,0.7523689,2.113594,-7.3037605,-8.979713,2.3240814,B,minor,0.8639873266220093
,None_f303,../data/Target.mp3,7519232,7543808,0.0015923104559381802,-858.27704,202.70543,16.483501,35.2321,14.865112,0.9002876,-8.592058,8.633688,13.36842,16.493843,-4.017002,-0.9388046,12.22781,G,major,0.8428128361701965
,None_f304,../data/Target.mp3,7543808,7568384,0.0014226635297139485,-830.9768,182.27725,-1.6536369,46.0768,14.383099,-2.4594955,-11.405905,7.297226,3.0785027,10.509415,5.0812874,5.53957,7.3230743,G,major,0.8085924983024597
,None_f305,../data/Target.mp3,7568384,7592960,0.001597592607140541,-860.1657,198.06638,13.428139,45.032597,17.24923,-1.8350983,-14.586075,-0.87633896,9.698723,9.73838,-3.036892,3.318344,9.922043,E,minor,0.8834658861160278
,None_f306,../data/Target.mp3,7592960,7617536,0.0015602318259576957,-839.1447,191.7197,5.463375,29.42854,13.810375,6.8886147,-3.107891,5.932316,7.136944,15.575253,-2.0673637,-4.360794,8.540714,E,minor,0.7492046356201172
,None_f307,../data/Target.mp3,7617536,7642112,0.0013795335156222184,-861.6963,200.24728,18.63514,40.852596,12.781754,-1.911293,-11.525837,3.2623253,6.765892,12.8067,-5.3639946,0.3527336,6.77124,F#,major,0.8770378232002258
,None_f308,../data/Target.mp3,7642112,7667200,0.0017100028237517998,-829.162,204.38217,-1.9492912,43.43902,12.279869,-0.738739,-4.1438217,9.578243,2.5355186,3.639637,-11.2884655,-6.6142387,-0.30672836,F#,minor,0.8610771298408508
,None_f309,../data/Target.mp3,7667200,7691776,0.0019360209504763286,-822.95233,192.91992,0.93878555,37.88993,8.559959,-6.3039856,-13.047951,4.5205345,-3.8043175,1.5373535,-9.170116,-1.2324829,8.378632,B,minor,0.8771367073059082
,None_f310,../data/Target.mp3,7691776,7716864,0.0017363900432781298,-824.13434,172.16699,-21.515545,38.28455,23.74374,8.012188,-7.979374,1.210186,7.3742447,10.785557,-11.120014,-10.948372,-2.9993973,B,minor,0.8452244400978088
,None_f311,../data/Target.mp3,7716864,7741440,0.0017168163321912289,-859.20056,207.26184,19.618687,38.585045,19.719936,3.4575653,-11.151587,1.6331062,3.8731995,15.328707,-4.622917,-5.971073,8.480148,G,major,0.8474938273429871
,None_f312,../data/Target.mp3,7741440,7766016,0.0014306968078017235,-830.4211,182.98787,4.5838356,45.51055,19.040066,-5.4031715,-15.113447,5.2278023,4.2007103,10.893982,-11.120155,6.436554,11.355576,G,major,0.8148332834243774
,None_f313,../data/Target.mp3,7766016,7790592,0.0014923810958862305,-870.55316,202.74231,18.526203,43.09569,15.052433,-5.988632,-17.775076,-4.1530685,8.222317,6.076805,-10.687798,-1.286602,8.551731,E,minor,0.9193434119224548
,None_f314,../data/Target.mp3,7790592,7815168,0.0016691636604567368,-842.9699,195.21434,4.3196335,38.555687,18.598064,7.6870613,-3.4224625,7.6874924,3.4048424,10.512457,-6.591915,-5.1063156,5.532833,E,minor,0.8475184440612793
,None_f315,../data/Target.mp3,7815168,7840256,0.0013819155948502676,-872.9144,208.3642,18.414967,47.466846,15.0615425,-0.26277924,-13.935032,0.36668015,3.8981972,11.037586,-7.645603,-6.610466,2.5868416,F#,major,0.884455144405365
,None_f316,../data/Target.mp3,7840256,7865344,0.001591783549104418,-839.0415,210.16962,-0.37819672,46.638012,7.000828,-5.153866,-7.403919,10.627266,-3.0893097,7.019314,-9.640339,-10.108421,1.6069603,F#,minor,0.8899152874946594
,None_f317,../data/Target.mp3,7865344,7889408,0.0019625618736794654,-810.6496,189.8527,1.8204803,40.433636,12.341667,-2.7317657,-8.056215,1.3660927,-0.32065582,2.3431969,-3.0978622,0.95391464,11.629963,B,minor,0.6620010137557983
,None_f318,../data/Target.mp3,7889408,7913472,0.0014852023822195986,-833.75714,180.78232,-10.179222,40.540684,27.619114,2.6956863,-5.9108086,5.4050827,11.812382,21.761082,-2.1196747,-2.3030548,13.282101,G,major,0.7246114611625671
,None_f319,../data/Target.mp3,7913472,7938048,0.0018798972790439923,-858.0272,194.72649,15.3110695,38.7625,14.618282,3.7502174,-9.517351,5.69545,13.298244,13.940937,-4.6592255,-2.7203293,13.046085,A,major,0.8158224821090698
,None_f320,../data/Target.mp3,7938048,7963136,0.0016903471277684582,-831.66833,187.19138,-4.0584755,46.339745,15.80724,2.4525108,-5.3720818,16.168974,8.945461,6.8109093,1.0132942,4.9234734,11.469807,A,major,0.6848851442337036
,None_f321,../data/Target.mp3,7963136,7988224,0.001580207019436116,-868.30896,208.0545,16.09422,37.7055,10.931957,-1.0599403,-10.002243,2.1401367,8.213993,10.879608,-10.200281,-7.14954,8.08733,B,minor,0.8595916628837585
,None_f322,../data/Target.mp3,7988224,8012800,0.0016703551324705284,-847.12494,189.00482,1.9552917,26.718845,9.173634,-1.4372749,-13.382692,-2.9215736,-5.0783577,1.2980614,-16.539417,-8.961533,6.893051,B,minor,0.8726801872253418
,None_f323,../data/Target.mp3,8012800,8037888,0.0010433885820057926,-992.41376,205.53976,18.835472,26.480042,17.755672,-3.681511,0.22741699,8.708046,13.077618,15.1348915,1.9534531,-9.069168,7.6159515,F#,major,0.8722671270370483
,None_f324,../data/Target.mp3,8037888,8062464,0.0005404183951516947,-926.01276,146.4347,-65.240234,-0.8840027,-43.605625,-49.132683,-37.18322,-18.205887,-31.127651,-17.973457,-32.89984,-24.78471,-6.9555435,B,major,0.8298075795173645
,None_f325,../data/Target.mp3,8062464,8087040,0.00201546431829532,-839.5517,202.7759,-2.875702,45.640873,10.17263,-5.3164062,-15.273468,5.054657,-6.1145744,4.438408,-6.7464104,-2.6201935,2.2247734,B,minor,0.8624646663665771
,None_f326,../data/Target.mp3,8087040,8112128,0.0016763705988319553,-877.3479,196.36218,-10.922489,40.423225,16.134808,8.470924,-11.997761,11.31666,-4.675293,4.552929,-10.04986,-12.891426,-4.4380074,B,minor,0.9009518623352051
,None_f327,../data/Target.mp3,8112128,8136704,0.0016294669670363267,-901.1589,226.12933,15.234169,43.607983,19.610516,13.10923,-6.5862656,10.739937,6.254383,14.487045,-4.036648,-7.413563,12.046925,G,major,0.836607813835144
,None_f328,../data/Target.mp3,8136704,8161280,0.001403947826474905,-881.4633,216.66357,9.403332,44.053955,18.47676,9.578083,-12.57988,9.198925,-3.9633064,4.989422,-4.2926598,-0.4733734,4.7248383,G,major,0.7895013689994812
,None_f329,../data/Target.mp3,8161280,8185856,0.00160980053866903,-905.6214,213.48996,-0.19490814,41.78636,20.689095,10.95369,-10.506439,15.0577965,12.563328,16.201347,3.136261,-8.414749,14.285179,E,minor,0.9060748219490051
,None_f330,../data/Target.mp3,8185856,8210432,0.00155750863874952,-877.4803,213.81812,1.3405457,42.94695,18.818913,8.489651,-8.543198,16.950203,6.179371,15.354811,1.7105293,0.105529785,7.5368423,E,minor,0.9229375720024109
,None_f331,../data/Target.mp3,8210432,8235008,0.001443700088808934,-906.10754,227.00116,12.489128,46.593132,18.23875,5.099472,-8.741142,9.070076,2.8545113,5.1776695,1.9707527,-8.995396,7.3718567,F#,major,0.8924821019172668
,None_f332,../data/Target.mp3,8235008,8259584,0.0015809823138018448,-856.163,212.51917,-6.2086105,50.352715,6.038555,-1.6312637,-7.4920654,18.432121,1.157299,10.044781,-6.6864014,-12.194782,-1.7401237,F#,minor,0.9265487194061279
,None_f333,../data/Target.mp3,8259584,8284672,0.0019900677155475226,-849.02545,204.21129,-9.496643,46.62664,5.97456,1.1190186,-9.447071,10.379181,-3.7749786,7.3669853,-1.795536,0.857666,10.75919,B,minor,0.8575331568717957
,None_f334,../data/Target.mp3,8284672,8309760,0.0017271703299210996,-877.73315,196.94653,-1.3973923,34.700993,17.759132,14.210793,-7.8589554,17.315325,-2.0688972,7.1569633,-14.892321,-17.690845,-7.708233,B,minor,0.8437209725379944
,None_f335,../data/Target.mp3,8309760,8334336,0.0016285620319346588,-904.90186,226.13171,7.7081985,43.125015,26.776543,9.74218,-3.9613037,15.172962,4.6001625,12.273869,-2.2358742,-7.575569,14.814938,G,major,0.8462214469909668
,None_f336,../data/Target.mp3,8334336,8358912,0.0014364786135653655,-885.9587,212.72095,8.220135,43.14965,24.466805,12.621849,-11.000576,11.165461,-7.5173607,3.5034828,-1.4389725,-4.0937424,2.7144928,G,major,0.8063158392906189
,None_f337,../data/Target.mp3,8358912,8383488,0.001621043464789788,-908.33215,211.82574,5.0887756,38.00645,16.2505,6.034279,-11.989487,13.281372,8.041042,15.173584,1.2800407,0.8125534,22.488777,E,minor,0.9113771915435791
,None_f338,../data/Target.mp3,8383488,8408064,0.0015861988067626953,-884.14636,213.01956,0.24188995,46.367832,18.67538,11.80793,-2.6518402,16.65411,4.764126,13.160381,0.0023880005,-4.4006844,12.725819,E,minor,0.8871437907218933
,None_f339,../data/Target.mp3,8408064,8432640,0.001372318093975385,-904.67413,223.57645,13.330704,48.308357,18.781536,1.0760269,-11.542587,8.167511,4.7198296,13.300022,2.1581268,-9.747761,4.839813,F#,major,0.868177056312561
,None_f340,../data/Target.mp3,8432640,8457728,0.0015243048570594009,-854.13965,214.27713,-5.86042,50.269207,6.6399117,0.32950592,-6.1754227,17.772942,-0.21739578,7.8232613,-6.995102,-7.1813774,2.2395782,F#,minor,0.8341367244720459
,None_f341,../data/Target.mp3,8457728,8482816,0.002027527714262203,-833.32446,201.29185,-8.736904,42.609695,6.4704666,-1.1544571,-6.248825,15.847891,-9.795729,1.0748863,-11.825232,-4.8521156,9.70158,B,minor,0.8485218286514282
,None_f342,../data/Target.mp3,8482816,8507392,0.001828954555094242,-846.9966,182.78397,-3.2061844,41.78396,16.044224,2.096161,-10.365223,15.376019,-6.5184097,7.906063,-10.312826,-8.558285,-9.837166,B,minor,0.862767219543457
,None_f343,../data/Target.mp3,8507392,8531968,0.0019013900309801102,-872.61847,211.02296,4.372715,39.195656,22.150242,15.101288,-2.455494,20.071253,7.8347816,15.182222,-1.9846077,-5.829384,4.2913055,G,major,0.8198962211608887
,None_f344,../data/Target.mp3,8531968,8556544,0.001492017259200414,-854.90405,193.62804,9.938461,45.04037,18.569267,13.769539,-9.557957,10.969219,-3.330902,10.1144905,-5.97221,-8.035679,3.0848274,G,major,0.8266428709030151
,None_f345,../data/Target.mp3,8556544,8581632,0.0017188646051348472,-884.10443,198.40051,6.425598,45.921227,13.822853,8.154362,-8.996159,19.104155,7.69421,16.01294,-1.3845177,0.54787064,12.997883,E,minor,0.9113076329231262
,None_f346,../data/Target.mp3,8581632,8606208,0.0017789352374772232,-857.3343,195.245,-1.4168777,45.63087,17.55552,14.829632,-6.4508095,26.0645,7.365448,22.006134,-3.3587036,0.145401,8.690121,B,minor,0.8409600853919983
,None_f347,../data/Target.mp3,8606208,8630784,0.0013620603519181411,-878.0938,202.01482,11.578949,49.693233,16.962597,2.7529182,-7.3295555,9.56646,5.3534737,13.99626,-5.214615,-8.114803,4.753727,F#,major,0.8701295256614685
,None_f348,../data/Target.mp3,8630784,8655872,0.0015131949770207309,-848.8623,206.26302,1.1858597,44.574326,6.8184166,-2.2240906,-9.532391,19.33231,-3.6967812,14.358475,-9.025909,-9.32922,4.3332787,F#,minor,0.8810855746269226
,None_f349,../data/Target.mp3,8655872,8680448,0.001962505436191956,-831.9218,198.89795,-7.880951,43.815758,2.677208,1.2651405,-15.20031,11.924553,-1.936943,11.550528,-1.3622665,-1.2987747,12.417686,B,minor,0.8764120936393738
,None_f350,../data/Target.mp3,8680448,8705024,0.0019808847767611346,-854.41583,188.93248,-2.412529,38.669323,13.66758,6.272274,-19.326637,15.774134,-6.2227364,7.5247116,-3.1932373,-9.5114975,0.23677444,B,minor,0.8587715029716492
,None_f351,../data/Target.mp3,8705024,8729600,0.001752655953168869,-878.84174,206.8074,4.556717,44.84678,15.393612,16.216637,-0.31442642,23.675547,4.8924866,23.177782,-1.8986588,-7.14172,0.60783386,G,major,0.7342754006385803
,None_f352,../data/Target.mp3,8729600,8754176,0.0016583680796126525,-859.62103,200.00067,13.270565,45.715008,15.010967,12.272335,-4.363529,12.888393,-3.3307877,10.515469,-2.5126686,-7.4081383,-1.0130501,G,major,0.7972356081008911
,None_f353,../data/Target.mp3,8754176,8778752,0.0017137201502919197,-884.91516,199.1059,9.242943,41.385258,16.376457,12.369072,-13.832436,18.80348,3.7784805,23.21173,-4.5359344,-1.7162895,11.966618,E,minor,0.8682721257209778
,None_f354,../data/Target.mp3,8778752,8803328,0.0017311365033189456,-858.6062,196.60628,5.3940506,42.123993,12.773804,9.2089,-8.81757,23.172796,4.7837257,15.1591625,2.2517815,2.570919,13.136627,E,minor,0.8533443212509155
,None_f355,../data/Target.mp3,8803328,8827904,0.0013952838877836864,-950.1555,204.70749,11.120155,32.082367,16.946041,10.128685,-1.4898529,13.65398,6.661068,7.323433,-1.3748283,-7.6636276,15.429367,B,minor,0.8438738584518433
,None_f356,../data/Target.mp3,8827904,8852480,0.00031913764541968703,-1037.5424,210.89615,30.39764,-26.925053,-3.2706032,-6.159424,-23.616447,-22.745644,-22.189285,-26.610016,-19.897423,-8.085941,-3.4385147,B,minor,0.8065228462219238
,None_f357,../data/Target.mp3,8852480,8877568,0.0013976954683965566,-882.94684,215.61273,-24.547657,35.39431,3.6760445,-17.544418,-17.801514,-5.9573135,-15.616379,0.7206421,-17.299671,-14.798443,12.606617,B,minor,0.849985659122467
,None_f358,../data/Target.mp3,8877568,8902656,0.0010522971195834024,-871.1495,175.59256,-37.318203,41.799118,18.792313,5.02293,-16.129295,-2.7902794,-4.298134,10.655306,-4.851452,-0.08924866,15.407703,B,minor,0.8561639785766602
,None_f359,../data/Target.mp3,8902656,8927232,0.0010985106540222962,-928.8466,226.89697,-9.357933,26.7585,9.637356,-18.48079,-13.448082,-11.97451,4.8486137,4.893875,-13.585297,-13.986752,6.062504,B,minor,0.8938168883323669
,None_f360,../data/Target.mp3,8927232,8951808,0.0011541124743719895,-875.3231,189.56244,-29.525791,45.23427,9.754559,-0.885643,-18.297249,0.59880066,-12.478992,4.546749,-18.169678,-9.8857,12.03336,B,minor,0.8585004806518555
,None_f361,../data/Target.mp3,8951808,8976384,0.0011636405251920223,-928.22363,233.57047,-4.486229,32.569412,15.694088,-22.670143,-9.123077,-8.88073,-2.5043526,0.42940903,-19.15522,-20.887882,2.3341026,B,minor,0.8429366946220398
,None_f362,../data/Target.mp3,8976384,9000960,0.001177318316573898,-898.3697,225.55316,-19.95472,33.16649,14.474422,-10.099922,-5.633438,-8.4603195,-6.495949,6.08453,-17.75904,-12.43578,9.11097,B,minor,0.8786833882331848
,None_f363,../data/Target.mp3,9000960,9025536,0.001255094539374113,-919.52277,231.99734,-3.995369,38.79019,11.201855,-19.828064,-8.464615,-13.148827,-1.4336128,-2.948204,-18.441292,-9.115421,2.896473,B,minor,0.7315068244934082
,None_f364,../data/Target.mp3,9025536,9050624,0.001225660041886933,-911.29877,220.87656,-21.122719,36.80771,10.975567,-16.604095,-2.363739,-3.0889816,1.1320229,-5.1398926,-16.706715,-10.01828,1.011734,B,minor,0.8465757966041565
,None_f365,../data/Target.mp3,9050624,9075711,0.0013409658433679549,-913.5917,236.85178,-6.154381,36.39029,23.729988,-17.450806,-14.597298,-4.0991135,-3.299488,-2.5240936,-13.582314,-12.934444,7.8166733,B,minor,0.843923032283783
,None_f366,../data/Target.mp3,9075711,9101312,0.0011678621172904967,-893.56586,213.05759,-20.694542,36.613716,14.286587,4.688942,-8.684929,-13.801735,-12.700798,2.1792564,-17.553722,-12.14072,11.087845,B,minor,0.8960356116294861
,None_f367,../data/Target.mp3,9101312,9126912,0.0007398761808872223,-946.57513,221.82336,-4.539482,28.880173,14.686642,-18.067123,-10.838081,-14.907906,5.416546,13.530781,-5.4996643,-2.9638252,16.363148,B,minor,0.8333669304847717
,None_f368,../data/Target.mp3,9126912,9152512,0.00042580243200063706,-945.0454,167.03793,-71.08347,-1.9918518,-16.473461,-40.92498,-32.06135,-33.271553,-24.973019,-12.398758,-22.412762,-16.09888,7.4714203,B,minor,0.7435932159423828
,None_f369,../data/Target.mp3,9152512,9178112,0.0004746849462389946,-967.72797,185.28754,-37.01679,4.079544,-15.762638,-52.1043,-43.651787,-41.537956,-18.566116,-10.101692,-30.63435,-23.117062,2.829647,B,minor,0.559691309928894
,None_f370,../data/Target.mp3,9178112,9204224,0.00041899413746946,-925.49225,178.4076,-45.700535,21.216316,0.35066605,-17.801666,-20.127861,-14.525696,-7.1940575,6.8204727,-8.838776,-5.5124016,14.502846,D,major,0.8675501942634583
,None_f371,../data/Target.mp3,9204224,9230848,0.0002493641088501765,-1044.0537,186.53561,32.997326,25.818008,31.480766,5.3203125,1.2840576,3.0117188,-0.7556038,5.562496,0.23077011,-4.032013,2.7954216,B,minor,0.699969470500946
